"Label (1 = gold standard, 0 = negative)"	Chromosome	start	end	GC Content	resources/GSM613867_UCSF-UBC.Breast_vHMEC.mRNA-Seq.RM035.bw mean	resources/GSM613867_UCSF-UBC.Breast_vHMEC.mRNA-Seq.RM035.bw max	resources/GSM613867_UCSF-UBC.Breast_vHMEC.mRNA-Seq.RM035.bw mad	resources/GSM613868_UCSF-UBC.Breast_vHMEC.H3K4me1.RM035.HS1994.bw mean	resources/GSM613868_UCSF-UBC.Breast_vHMEC.H3K4me1.RM035.HS1994.bw max	resources/GSM613868_UCSF-UBC.Breast_vHMEC.H3K4me1.RM035.HS1994.bw mad	resources/GSM613874_UCSF-UBC.Breast_vHMEC.H3K4me3.RM035.HS2615.bw mean	resources/GSM613874_UCSF-UBC.Breast_vHMEC.H3K4me3.RM035.HS2615.bw max	resources/GSM613874_UCSF-UBC.Breast_vHMEC.H3K4me3.RM035.HS2615.bw mad	resources/GSM613875_UCSF-UBC.Breast_vHMEC.H3K9me3.RM035.HS2617.bw mean	resources/GSM613875_UCSF-UBC.Breast_vHMEC.H3K9me3.RM035.HS2617.bw max	resources/GSM613875_UCSF-UBC.Breast_vHMEC.H3K9me3.RM035.HS2617.bw mad	resources/GSM669594_UCSF-UBC.Breast_vHMEC.H3K27me3.RM035.bw mean	resources/GSM669594_UCSF-UBC.Breast_vHMEC.H3K27me3.RM035.bw max	resources/GSM669594_UCSF-UBC.Breast_vHMEC.H3K27me3.RM035.bw mad	resources/GSM693275_UCSF-UBC.Breast_vHMEC.H3K36me3.RM035.bw mean	resources/GSM693275_UCSF-UBC.Breast_vHMEC.H3K36me3.RM035.bw max	resources/GSM693275_UCSF-UBC.Breast_vHMEC.H3K36me3.RM035.bw mad	resources/GSM753973_UW.Breast_vHMEC.ChromatinAccessibility.RM035.DS18406.bw mean	resources/GSM753973_UW.Breast_vHMEC.ChromatinAccessibility.RM035.DS18406.bw max	resources/GSM753973_UW.Breast_vHMEC.ChromatinAccessibility.RM035.DS18406.bw mad	resources/GSM923442_hg19_wgEncodeUwRepliSeqMcf7WaveSignalRep1.bw mean	resources/GSM923442_hg19_wgEncodeUwRepliSeqMcf7WaveSignalRep1.bw max	resources/GSM923442_hg19_wgEncodeUwRepliSeqMcf7WaveSignalRep1.bw mad	resources/GSM923451_hg19_wgEncodeUwRepliSeqGm12878WaveSignalRep1.bw mean	resources/GSM923451_hg19_wgEncodeUwRepliSeqGm12878WaveSignalRep1.bw max	resources/GSM923451_hg19_wgEncodeUwRepliSeqGm12878WaveSignalRep1.bw mad	resources/hg19.100way.phyloP100way.bw mean	resources/hg19.100way.phyloP100way.bw max	resources/hg19.100way.phyloP100way.bw mad	resources/annotation_updated/gc19_pc.3utr.bedoverlap	resources/annotation_updated/gc19_pc.5utr.bedoverlap	resources/annotation_updated/gc19_pc.cds.bedoverlap	resources/annotation_updated/gc19_pc.prom.bedoverlap	resources/annotation_updated/gc19_pc.ss.bedoverlap	fragileSites/common_fragile_sites.txtoverlap
1	1	33870510	34086547	0.441456787	3.473561306	279	3.554389208	2.207076822	22	1.918152034	1.000563753	68	1.254383595	1.168711342	23	1.085048307	1.578807117	21	1.379199802	5.682847578	49	5.415931666	3.865063176	319	4.020670491	62.39031002	67.94921875	3.317195402	65.12634281	69.45492554	2.589383732	0.202965444	7.593399858	0.434467631	0.517133639	0.149742868	0.544429889	0.165619778	0.69977365	0
1	1	74088398	74332880	0.355838058	0.08171929	5	0.086389824	0.98543237	15	0.918675097	0.404688416	4	0.517654124	1.28914075	10	1.011848597	1.253039889	12	1.002535181	1.606842175	10	1.247781771	1.773217933	77	1.460563623	11.37144893	12.27058029	0.581483301	11.84704358	12.72550964	0.394327555	0.055124586	4.849199939	0.278539367	0	0	0	0	0	0
1	1	74373853	74641099	0.34838688	0.179469984	2	0.188438885	0.948683155	13	0.85658481	0.386640507	5	0.506288108	1.240487057	8	0.960537759	1.348244754	11	1.067017751	1.613669691	14	1.263014512	1.68552136	71	1.391565108	14.56101445	15.66113186	0.824437955	20.3701831	24.12010765	2.6899245	0.077194782	3.637199986	0.242896473	0.559039237	0	0.556053224	0.377274122	0.555465751	0
1	1	89885299	90113117	0.394832717	3.676501521	97	4.114987819	2.512617053	28	2.285003235	0.817275041	76	1.232157865	1.054893762	11	0.885725463	1.497854457	23	1.292834528	5.694158579	33	3.42145829	3.42642738	162	3.535326303	47.47333928	53.95516586	3.157774573	72.74732241	76.03348541	2.575748091	0.151693909	7.393500266	0.296250483	0.021161629	0.317367372	0.045619749	0.220526912	0.359866209	0
1	1	194770750	194985993	0.339825221	0.083577276	3	0.089654137	0.812673544	11	0.819519323	0.378184565	5	0.475545698	1.400792936	9	1.082294802	1.104917466	8	0.896131287	1.083399995	9	0.853401973	1.322465976	5	0.992848484	17.23640574	18.31031036	0.773625027	22.40855492	23.71493149	0.719990444	0.005640884	3.719400001	0.21866277	0	0	0	0	0	0
1	1	230075255	230321976	0.44629764	2.883570412	217	2.53010743	3.086084647	29	2.67207642	1.049996091	68	1.261143484	1.075846211	11	0.918571038	1.398639258	19	1.205558051	7.358309699	55	4.61011601	4.152755122	244	4.267935502	54.21787246	55.37191772	1.114272154	56.93789453	58.17368317	1.115319369	-0.092758624	4.22900002	0.29220004	0	0.038472607	0.519465307	0.050863121	0.519416669	0
1	1	238003942	238216124	0.39904893	2.885487104	2571	4.205863337	1.976504477	24	1.734105165	0.467394411	5	0.579222663	1.186129432	11	0.914586493	0.993580648	11	0.834704143	5.567247917	28	3.020582929	3.363810429	193	3.418850597	14.04174394	14.17716885	0.079207233	16.51577796	17.43167305	0.649677412	0.094842396	5.607599974	0.331694953	0.00256855	0.005221932	0.039065519	0.021637085	0.03728403	0
1	1	242807013	243032937	0.395960589	0.149036012	20	0.164899675	1.342682916	13	1.15781919	0.414441945	8	0.529907671	1.151103281	8	0.907374321	2.835165877	27	1.716178704	2.272468778	25	1.519166023	2.050242952	64	1.62277577	18.34915517	18.66213036	0.212305181	41.17293336	47.84128571	3.208442049	0.051504283	3.433400049	0.246252412	0	0	0	0	0	0
1	1	247871833	248160090	0.3857183	1.132955425	67	1.373147285	0.94610696	9	0.877328351	0.485657968	15	0.646150594	2.375513619	12	1.413810916	0.904940208	10	0.852794702	2.49876672	35	1.85589365	1.801961824	53	1.520601838	19.50765165	22.85011101	1.343989611	36.81075243	39.01607513	1.406282496	-0.031306	4.873099995	0.269319089	0.008801174	0.208678367	0.103109378	0.346107814	0.36470927	0
1	2	314968	694521	0.449009756	5.26762406	383	5.850928487	0.935532866	19	0.903812196	0.646564336	86	0.806117169	2.62901732	16	1.618069165	1.540269758	22	1.368699532	1.736590081	38	1.613879391	2.315297505	172	2.038645856	34.64041439	36.62552643	1.179614482	27.44952589	31.44235229	2.252080487	-0.139179341	4.973700057	0.298701578	0.005914852	0.002107743	0.020460911	0.020142115	0.020057805	0
1	2	315309	841550	0.44538909	5.054543869	383	5.469167218	0.973577225	19	0.893092134	0.719466123	86	0.832235431	2.468500905	18	1.609568052	1.506143709	22	1.338191691	1.785113709	38	1.517305896	2.420850758	172	2.126740809	34.90721586	36.62552643	1.121007267	27.65027894	31.44235229	2.218529108	-0.111142276	4.495599985	0.278901078	0.004266106	0.001520216	0.014757497	0.014527564	0.014466756	0
1	2	17937146	18216823	0.410380546	8.698983503	196	10.49108869	1.643788675	26	1.492534862	0.962047011	49	0.983433407	1.037069135	9	0.869435556	1.573540796	14	1.282798191	5.588081422	75	4.342882933	2.61034492	141	2.26232279	33.7973773	35.93966293	1.709844656	73.63747206	75.95675659	2.013234473	0.082944939	7.61590004	0.301034803	0.01395896	0.363319115	0.086006357	0.268477565	0.435745521	0
1	2	32673976	32965429	0.381248435	15.28496662	478	18.05286255	1.733339413	23	1.394992965	0.682892179	85	0.84649129	0.787711974	10	0.730255648	0.683487446	8	0.715850134	14.65334226	57	6.904934636	2.173495093	111	1.851500971	60.34921148	65.38328552	1.966604611	63.24624042	70.36912537	3.576325187	0.272239438	8.143100084	0.504115383	0.125028735	0.000895513	0.96435789	0.199538176	0.964285837	0
1	2	39705078	39930345	0.410832479	2.935621372	74	3.831763772	2.557390252	24	2.154307976	0.640127573	11	0.725987504	1.244327486	12	1.07759535	1.185467616	34	1.085416915	6.106899095	37	3.303081459	3.555611441	164	3.606986446	61.31216596	64.22084045	1.205544356	63.480763	66.42375946	2.171133872	0.176291619	5.738300121	0.318113914	0	0.000248594	0.165274985	0.022195883	0.163499314	0
1	2	57732112	57956605	0.356425367	0.166705383	4	0.180201225	0.942336007	14	0.881974922	0.39063608	5	0.51411852	1.027429562	9	0.864423163	1.598199911	17	1.158407055	1.194009582	12	0.953563038	1.450783864	22	1.124369304	33.10793453	37.64185715	1.866644164	47.59725268	52.09524918	3.497969892	0.135358931	6.055400062	0.283439158	0	0	0	0	0	0
1	2	58802534	59219776	0.373919692	2.556694207	6	2.541173877	1.220542634	19	1.205607521	0.433180873	6	0.554974635	1.171938516	10	0.936542695	1.381879449	10	1.04966228	2.041648168	21	1.758175469	1.801419865	60	1.425407887	16.73192389	22.9721489	2.919465325	30.11397111	38.05907822	3.985191352	0.530959233	8.888100004	0.734987023	0	0	0	0	0	0
1	2	86282713	86510932	0.433693076	18.5719836	983	25.13682643	1.933584222	22	1.678544764	2.615538014	77	3.160608542	0.782621172	11	0.781127052	1.283045735	19	1.16345387	15.40454128	65	11.35351505	2.835785089	109	2.626445133	65.21956626	68.41434479	0.995400408	73.39639402	74.66641235	0.831944725	0.13395611	7.946700025	0.406666498	0.201271586	0.022684351	0.935693347	0.147520583	0.931013632	0
1	2	121240725	121470526	0.504171	0.219305784	5	0.242044433	2.443115405	29	2.001080248	0.412116932	5	0.522317699	0.931954427	13	0.884440202	2.89450542	25	2.258684338	2.431602039	23	1.865850168	2.955807323	110	2.554511046	67.96856665	73.65063477	3.121260586	54.95990099	62.76849365	4.057480273	-0.088848098	5.762700081	0.346789943	0	0	0	0	0	0
1	2	121572973	121794938	0.508539635	0.164172353	3	0.193083507	1.902103273	27	1.700020638	0.445331632	6	0.571476196	0.678557068	6	0.720322662	4.031148049	29	2.86865714	1.906517655	29	1.59347321	1.980045993	49	1.412419193	55.69364812	57.17314148	0.414063484	40.8065386	43.02619553	0.681108032	-0.01042584	7.9921	0.46442432	0.008911315	0	0.789665037	0	0.778546167	0
1	2	122552887	122910213	0.439525811	12.96976374	9	12.95649832	1.53846608	22	1.307633596	0.477134139	7	0.611330602	1.007173849	8	0.815884448	2.127896048	25	1.591310826	2.728443925	16	1.739827509	1.991590993	75	1.544728841	50.01956638	63.86566544	7.239974362	63.16713409	73.28475189	6.226671915	-0.003277246	4.30419991	0.271234489	0	0	0	0	0	0
1	2	122656507	122897167	0.43571013	0.086836499	2	0.094632718	1.396608797	22	1.276673073	0.479126548	7	0.613125548	1.025214265	8	0.832953714	2.061417478	25	1.526898139	2.085731325	16	1.526656611	1.9362838	74	1.50718506	46.26922109	56.18688583	4.686933004	60.37756319	68.86468506	4.726327266	-0.016770739	4.196199942	0.269964135	0	0	0	0	0	0
1	2	125912035	126165461	0.360973223	0.072806959	2	0.0781291	0.630169035	6	0.698832992	0.401525282	7	0.518144734	4.10705737	15	1.948301788	0.768200117	8	0.730013079	1.514059223	9	1.082622248	1.396588958	21	1.06914438	12.93862218	13.81759071	0.468084999	30.87695406	33.15257263	1.803323129	-0.024389183	3.811399961	0.237196872	0	0	0	0	0	0
1	2	129029046	129279181	0.510916105	3.845733784	37	3.522119975	1.908794155	24	1.794401109	0.673489272	35	0.852209262	1.02259921	12	0.940812197	2.414956719	17	1.900335801	2.326309344	27	1.951990755	2.673165154	234	2.389031889	59.40877112	66.07601929	4.080020023	54.4331822	63.17499161	4.333861339	-0.095183377	5.567900026	0.321229946	0	5.60E-05	0.188262338	0.031970736	0.186155476	0
1	2	129490150	129697515	0.425992815	0.183606621	6	0.206140171	1.297128087	21	1.242866357	0.464633416	7	0.584957902	1.280829354	10	1.053404919	2.459413646	32	1.92876621	2.490213103	17	1.947472702	2.869790783	126	2.727759148	35.40059273	39.70427704	2.017871338	35.44991642	39.18437195	1.469096217	-0.023179851	3.415599978	0.224617529	0	0	0	0	0	0
1	2	132522461	132765006	0.394611309	0.569815668	7	0.579079492	0.813145728	12	0.818998482	0.463787214	40	0.589146455	0.955703092	9	0.840122809	1.497473857	15	1.241556325	1.440943118	11	1.150318893	1.536017698	23	1.356557261	56.44217244	64.22097015	5.403157047	52.25842784	58.4516716	5.110034488	0.025502556	4.640399969	0.235107501	0.001649179	0.002985013	0.033350512	0.000824589	0.030365499	0
1	2	167504609	167784872	0.360843208	0.081745867	2	0.086150282	0.794064371	6	0.788181547	0.374325606	4	0.477425005	1.359030396	12	1.090540329	1.129401642	8	0.918809852	1.11070294	14	0.897445568	1.340559115	8	1.020907221	13.97331955	14.63542557	0.449993346	9.585073033	10.91014481	0.590550544	0.07934531	4.900399971	0.251367263	0	0.142280644	0.088773759	0.142994259	0.14202731	0
1	2	178482855	178704685	0.398904567	0.746817819	22	0.760850242	1.400690067	14	1.254599099	0.502635106	60	0.714152441	0.834090285	7	0.73496939	1.91970379	15	1.326253579	2.374215034	13	1.656741598	2.029765856	56	1.640247131	34.91212281	39.59864807	2.188206474	65.45966518	71.2142334	3.572322971	0.280878052	7.340899992	0.410935624	0.027746473	0.001194608	0.951742325	0.759261597	0.949537934	0
1	2	212645589	212850273	0.345566825	0.136646068	4	0.143378163	0.982456753	14	0.901288868	0.389926145	5	0.509076502	0.89808204	10	0.792512202	1.55322337	14	1.198459676	1.354460276	12	1.11386025	1.519451719	17	1.131103641	44.33229615	45.43428802	0.349572047	23.95945655	24.92786217	0.782269108	0.12050812	5.956300037	0.33066716	0	0	1	0	1	0
1	2	213179699	213394515	0.338964509	0.131283475	3	0.149254932	1.102263446	14	0.956630431	0.381503675	5	0.491335985	0.820421706	6	0.741525889	1.946743731	11	1.246047884	2.190936594	12	1.48092467	1.613661052	38	1.244373524	55.13797629	57.92588806	1.487992491	46.47041834	53.38092422	3.444948377	0.140064625	5.527000093	0.344694725	0	0.468461381	1	0.468978102	1	0
1	3	7550753	7794490	0.392500933	0.086892901	4	0.09382406	1.136479106	15	0.999413289	0.425932201	6	0.548699627	1.761130672	10	1.194720534	1.209779166	10	0.975899502	2.148461304	17	1.512530392	2.114255894	60	1.661163763	12.55402073	15.27552223	1.308847765	13.24712218	13.81626892	0.16846422	0.020261534	7.545100057	0.326493455	0.226067442	0	0.9491378	0	0.948932661	0
1	3	27025369	27285480	0.38577761	0.731638861	224	0.81866572	1.283634997	15	1.166004305	0.429171809	6	0.542841069	1.494949013	14	1.17754527	1.04973314	10	0.840076435	3.512377273	23	2.508785805	1.571126037	20	1.186963634	27.47727792	35.95526886	4.062524564	29.66796351	36.64615631	3.207933799	0.070949616	5.734099987	0.258858657	0.514799451	0.108538278	0.510236015	0.117061562	0.510047634	0
1	3	27217588	27421081	0.382745352	3.922869898	482	7.10896688	1.805071449	24	1.685707175	0.484839639	21	0.641845103	1.157699874	11	0.990528055	0.854988918	10	0.772430435	7.782758549	39	4.116091862	2.141489641	94	1.820538574	38.54116291	45.99558258	3.735471868	39.09196395	45.17732239	3.453581858	0.124266447	6.416999781	0.316252204	0.408898586	0.755323279	0.882644612	0.767200837	0.96254908	0
1	3	37358299	37570384	0.42234953	21.39576424	802	32.13816022	1.375085065	19	1.193377916	0.487605372	7	0.614377964	0.869513185	13	0.773712132	1.739321133	50	1.679083236	11.5377826	67	9.091642235	1.604810004	11	1.137567285	64.79004898	69.90568542	2.688860424	61.77820844	68.12134552	3.226387737	0.117012679	7.942100048	0.356236538	0.110097367	0.147384303	0.677454794	0.48244336	0.82079355	0
1	3	37709974	37918448	0.441364391	2.603389762	69	2.505184299	1.985598354	24	1.731685352	1.136176122	77	1.402313995	0.919115814	7	0.759051746	1.975283524	14	1.468891538	5.091009312	33	3.819163099	2.426874423	168	2.326952853	57.63243456	61.48583984	1.598244184	55.41032422	61.62331772	2.461034394	0.076180362	7.371399915	0.31344508	0.74364669	0.001151223	0.792731947	0.621286108	0.791878124	0
1	3	41914946	42171186	0.4326803	3.369165635	417	3.259752947	3.367412306	27	3.026614404	1.124462105	60	1.436367435	0.805049613	7	0.753277149	0.898635593	7	0.819549453	6.166283841	45	4.131680059	4.883712965	259	5.059801205	63.12744112	64.95519257	1.334849741	71.52243397	72.92852783	1.130365521	0.020794713	6.969900101	0.276108587	0.249254605	0.180674368	0.466476741	0.154780674	0.494438807	0
1	3	62988224	63196657	0.38791842	0.279322426	29	0.301362155	0.82302531	8	0.799474663	0.407323518	5	0.520180145	1.634602202	10	1.14492593	1.423442032	13	1.111264014	1.257382379	9	1.00712122	1.416796673	10	1.063026649	24.82401726	25.85619354	0.629830049	14.0959891	15.25485897	0.424165755	0.061081896	4.42700007	0.268957718	0	0	0	0	0	0
1	3	76187088	76578831	0.358832194	24.29646251	3528	26.89361529	0.788302799	7	0.736315084	0.392558644	6	0.511914689	3.424655125	15	1.791815547	0.873186693	8	0.771549977	1.692551168	9	1.107750579	1.322405797	5	0.981767834	12.50254291	12.93790054	0.273218596	9.353481905	10.76453114	0.372285239	0.068393259	6.236000013	0.34013822	0	1	1	1	1	0
1	3	89539815	89797083	0.34999689	0.18828155	14	0.19538489	0.935481854	15	0.89065448	0.399808029	5	0.521502667	1.725446263	11	1.181355256	1.326529202	16	1.038592475	1.83935693	18	1.417669946	1.595392961	72	1.231836819	43.26194051	45.43680954	1.697124833	7.212501049	8.15261364	0.2867678	0.083215207	5.213699985	0.291386132	0	0	0	0	0	0
1	3	89850276	90177384	0.365634592	0.122650911	6	0.130926331	1.089733769	21	1.046632939	0.39164509	6	0.505762894	1.809115102	11	1.273378739	1.257871752	10	1.006239966	2.333271084	19	1.764806341	1.565509107	33	1.226919065	32.83655412	37.65280151	1.920753715	7.463732946	8.662449837	0.71740059	0.09317099	4.681999934	0.263081659	0	0	0	0	0	0
1	3	117166590	117625159	0.369427502	0.097383571	2	0.101978214	0.789833412	9	0.772468227	0.375970669	7	0.493116668	2.386594396	11	1.386522026	1.026820732	11	0.789708454	1.368596778	10	1.034432699	1.329185586	9	0.970564387	12.61775819	15.20386887	0.796263577	25.61426894	28.0842495	0.880248523	0.113853992	5.334000015	0.390975338	0	0	1	1	1	0
1	3	120705527	121356606	0.379717361	4.743219477	1042	4.774068205	1.088670237	15	0.982541187	0.615716899	60	0.742147177	1.019268736	10	0.825364122	1.414358993	11	1.158213612	4.676859966	39	4.119981967	1.567661927	102	1.282479188	42.36615716	59.19530106	8.772939242	60.97862563	76.93271637	10.05736744	0.196167926	7.864199895	0.283006762	0.033533565	0.042385025	0.881808506	0.018710479	0.921310624	0
1	3	130991200	131191202	0.399881001	7.986676848	2014	13.92640439	1.570358566	18	1.450596212	0.980019249	59	1.102524894	0.92040263	13	0.791502044	1.16256133	13	1.022021701	6.944575042	51	5.092016575	2.420094778	221	2.274418917	47.09621477	48.09185791	0.75215901	50.5125476	52.80567551	0.722278173	0.049334759	5.441800088	0.245393581	0.424290757	0.000669993	0.443465565	0.002569974	0.441400586	0
1	3	134858617	135090769	0.424178986	0.103543819	9	0.109139639	0.683704856	7	0.727630565	0.461034383	6	0.591944343	3.040096491	14	1.561521004	0.772408063	7	0.744590988	1.327960777	9	1.000621528	1.37579636	6	0.964666153	30.78558988	32.05891037	1.007628789	50.05152773	50.44270325	0.336690696	0.178924772	7.729500276	0.401959067	0.005802233	0	0.514081292	0	0.513611772	0
1	3	141818647	142030660	0.398772717	5.674434508	138	8.007216534	1.69424539	19	1.477102576	0.827669422	54	1.093421476	1.151999481	14	1.027652439	1.11726304	11	1.012746429	8.332120646	47	5.530525126	2.197133148	52	1.914580354	66.13721592	67.01828766	0.784076572	65.92148042	67.22284698	0.993078156	0.108883512	5.780499911	0.247385573	0.054142906	0.235320476	0.292840533	0.447364077	0.513742082	0
1	3	183186625	183410607	0.437972694	2.634225984	92	3.68024829	1.755578815	22	1.586026531	1.256367625	55	1.322103865	0.906389784	15	0.832286714	1.483087963	11	1.222062374	3.835767174	35	2.88021995	3.386371969	118	3.449862901	62.78893215	64.82115936	0.945898807	70.8289282	71.76071167	0.733822627	0.16279774	7.395400107	0.367984331	0.073117483	0.066188354	0.413680564	0.100682198	0.475350698	0
1	3	197394524	197638445	0.428417397	23.69266387	3068	29.94260685	2.347076072	30	2.085299797	2.123768747	63	2.657929119	0.807560006	8	0.754998108	0.819722406	11	0.775846755	13.75033179	96	9.22612499	4.433965606	254	4.916873304	72.33928854	76.23135376	2.323270967	77.38082235	79.73535919	0.793406321	0.228037687	7.321300018	0.396122572	0.304709312	0.129775624	0.8528294	0.581241468	0.961417836	0
1	4	63889117	64139415	0.356638886	0.082844123	2	0.088778009	0.640961026	5	0.68132883	0.41967051	5	0.526140722	4.254853221	14	2.103085286	0.704080944	5	0.706181937	1.525478548	10	1.118172515	1.263684188	5	0.981970011	11.77669844	13.25872707	0.462432708	11.4362946	14.59245586	1.428621741	0.012106355	3.989100003	0.182953064	0	0	0	0	0	0
1	4	68791289	69008212	0.367213251	0.704827992	217	0.978661824	1.512393039	20	1.41685383	0.451342085	5	0.575842278	1.08336178	9	0.885316132	1.773829272	12	1.370521364	4.498240346	22	2.505078976	2.62636675	117	2.482905724	51.50737214	53.2469635	0.73621764	43.78928074	50.48084259	3.135038458	0.109393988	5.320499954	0.261603949	0.003277661	0.003720214	0.52430586	0.084984073	0.523471462	0
1	4	73818584	74058231	0.377117177	19.60627331	2905	27.37915525	1.6951994	15	1.42859035	0.785079001	50	0.921424944	0.860823497	10	0.82535632	1.068548882	15	0.936352635	12.40723155	68	8.442322526	2.211292958	125	1.973005769	30.92325535	33.92636108	2.790654632	40.57596775	44.19107437	2.392344844	0.299387082	8.200300217	0.478103567	0.02040084	0.000383898	0.533367829	0.021903049	0.531001849	0
1	4	81740416	82140390	0.367426383	1.476333524	60	1.754566054	1.435511582	21	1.41835544	0.494289537	34	0.642755624	1.021991913	8	0.849682983	1.936784991	61	1.491091921	5.008141027	42	4.783105007	2.270489937	149	2.018614254	24.65668473	28.95956039	3.009239857	44.26029462	48.46740341	2.823949833	0.129868675	7.470100112	0.315120807	0.012910839	0.154897568	0.704900819	0.162860586	0.727872312	0
1	4	93099792	93423943	0.349420486	2.598699065	353	3.037875428	0.933230239	14	0.89728298	0.414935322	8	0.523460183	1.008001646	10	0.810007332	1.833039842	48	1.439066877	1.498200656	25	1.542083979	1.616057502	139	1.330378889	29.81463731	31.49755096	0.709145614	8.110952372	9.623498917	1.142563997	0.063516868	6.271199846	0.277557128	0.000768161	0.622333419	0.621559088	0.613892908	0.630789354	0
1	4	116775190	116978184	0.348542321	2.779988634	239	2.947684634	1.17687262	11	1.035319098	0.431897263	5	0.541572761	1.167071243	18	1.021937552	1.472408476	17	1.175622675	3.648176401	35	2.77696577	2.014767392	158	1.732562957	31.37123442	33.36128998	1.84857775	28.15740947	29.02720833	0.624473894	0.032754988	4.709600055	0.220758466	0	0	0	0	0	0
1	4	117012519	117244731	0.346342997	0.254357179	17	0.27658251	1.184348701	18	1.089974218	0.405324699	5	0.519864753	1.088098396	14	0.972699767	1.575412996	10	1.197739472	2.803787331	36	2.246109048	1.722899263	58	1.412348282	20.77895001	24.39953423	1.60414456	20.18048662	24.98139954	1.615702617	0.049612944	5.644400096	0.228331938	0.002105834	0.004052331	0.000322981	0.000861282	0	0
1	4	122901628	123104964	0.381501554	4.093042527	426	4.352261604	1.125632799	17	1.053025013	0.753822217	87	1.077259195	0.94250413	10	0.8038559	1.868761955	12	1.364096643	4.17947256	60	3.710322239	1.691478324	57	1.354819809	28.34969089	28.77848053	0.289043302	50.40282431	55.80718613	2.377488084	0.130704695	7.997400022	0.251399273	0	0.090072589	0.064730299	0.155786481	0.15356356	0
1	4	124926445	125206843	0.358964757	0.1694266	17	0.18444145	1.598001214	16	1.413237754	0.441965365	5	0.582297787	1.153548159	12	0.973453447	1.125069272	9	0.933918667	5.858709368	30	3.17276001	2.371963924	67	2.032192892	45.26126296	49.07165909	2.846231334	27.05891503	33.47208023	3.759215306	0.117290802	5.554300046	0.261622518	0	0	0	0	0	0
1	4	140614080	140872746	0.421439231	1.262675293	169	1.646743324	1.804126301	19	1.558388729	0.585352851	9	0.680110057	0.892070279	8	0.773771271	2.243566711	20	1.663181109	4.512211423	35	2.911670261	2.652921421	149	2.440747212	59.76818431	65.97167969	3.201053332	51.36239696	52.76953506	0.250259432	0.20431581	7.950200319	0.44495424	0.010341521	0	0.941337478	0.246445223	0.936953446	0
1	4	157880098	158083853	0.362930971	0.876552566	193	1.210930366	2.110876477	21	1.861237828	0.937515841	65	1.344660206	1.080114965	13	0.904212029	0.755360627	6	0.754317072	6.042463623	32	3.356185354	2.739918028	123	2.509283704	15.3811595	16.48914719	0.665177732	8.290463563	9.700832367	0.954959898	0.044552726	8.158299923	0.31657213	0	0.070751638	0.474265662	0.122971215	0.482162401	0
1	4	175764366	175965438	0.365839102	0.1012148	4	0.106015027	0.860286997	8	0.809148685	0.366746805	5	0.47900976	2.12677371	11	1.311542725	1.029974036	13	0.850950508	1.424980921	10	1.096709951	1.397881387	8	1.065436233	41.41338913	44.95953751	1.068693123	37.04864184	38.01643753	0.84434279	0.02641535	5.319099993	0.203775688	0.000954882	0.284316066	0.012249344	0.002252924	0.282853903	0
1	4	176163982	176377488	0.366743792	0.104687419	2	0.111814909	1.002778246	12	0.88770673	0.383363815	6	0.507027515	2.202438915	11	1.279216725	1.19960314	8	0.933892633	2.03652421	15	1.467042237	1.802469002	52	1.471308893	52.76962955	53.69268036	0.676753055	21.6487659	25.48551369	1.528268384	0.05992169	3.225200108	0.214638709	0	0	0	0	0	0
1	4	177065909	177307632	0.378189084	19.70094914	1081	29.37204666	1.797094697	18	1.528118556	1.134149569	74	1.380389803	0.956965054	14	0.86386534	1.313040405	15	1.061041496	5.052963163	37	3.26423119	3.024755955	175	3.061986296	36.10565721	37.8930397	1.300150827	44.19964772	44.42101669	0.161684872	0.095280584	7.290099984	0.3312129	0.038192477	0.158259661	0.444173703	0.232803664	0.474228766	0
1	4	186929857	187134219	0.434004365	2.338505208	107	3.568153894	1.245215143	14	1.144203994	0.897873593	50	1.184888723	0.829988693	9	0.792133986	2.259018954	36	1.796358935	2.833174656	30	2.536363481	2.017116276	37	1.618373411	41.79520171	44.40334702	2.055988916	42.61861729	44.7518425	0.72925734	0.053526629	7.347099924	0.326799896	0.042180053	0.262646676	0.483666239	0.405412944	0.515193627	0
1	4	188535967	188837647	0.382183108	0.0810412	2	0.089257241	1.05431354	15	0.980836771	0.451717824	6	0.56097034	1.775006613	10	1.247612207	1.279007119	11	1.02437797	2.46877961	22	1.743273052	1.659037713	49	1.320398082	16.16946504	17.72120667	0.712678439	4.283883241	5.167877197	0.461959589	0.056614285	3.61099999	0.23694162	0	0	0	0	0	0
1	5	4950685	5421029	0.42165734	4.681743028	114	4.630351175	1.073915563	16	0.930253692	0.534773788	11	0.623348039	2.160510625	15	1.408397643	1.290791749	48	1.187883772	2.7626664	12	1.655065831	1.957817227	85	1.524678004	15.02480911	16.09672737	0.693065698	22.65238017	31.48766899	4.228193159	-0.127918275	7.223000145	0.321681514	0.207099485	0.000293402	0.379873029	0.008330073	0.379473322	0
1	5	13792100	14184282	0.415085343	2.41028791	63	3.531223058	2.419624154	31	2.331518262	0.948514764	80	1.197640388	1.113526536	13	0.954610623	1.118022202	12	0.944988372	5.768509916	40	3.259859791	3.883787367	228	3.834199297	57.79049372	63.58970642	4.861192327	64.63452678	70.84466553	4.926108784	0.087093151	7.426300132	0.362983839	0	0.103464718	0.491850722	0.122983717	0.491305057	0
1	5	13816947	14092729	0.409972369	0.588940427	10	0.68482052	2.002678202	25	1.696497147	0.69226619	33	0.804199999	1.098720674	13	0.907778771	1.180337117	10	0.998597862	5.038087783	36	2.850652128	3.147420855	228	3.166915298	57.12983218	63.58658981	4.327335962	63.7960987	69.81200409	4.014350837	0.107159295	7.759300153	0.368957565	0	0.000380736	0.462684294	0.010424901	0.462477609	0
1	5	26892727	27234012	0.344656226	0.099924977	2	0.106935155	1.038977763	13	0.911099211	0.443748465	6	0.562807871	2.064321472	12	1.390560643	0.931037987	10	0.825468657	3.569173973	29	2.390549888	1.677748157	28	1.291306252	26.00331171	30.27369118	3.000962395	6.64820159	8.410230637	0.879146005	0.001587314	7.462200117	0.272738345	0	0.389167411	0.280448892	0.243101806	0.669296922	0
1	5	29860379	30121293	0.351947385	0.088437389	3	0.092374403	0.676926972	10	0.741493297	0.376275317	4	0.48809921	4.468978545	17	2.104421573	0.712427211	6	0.736977613	1.537359442	14	1.122512738	1.273980241	5	0.943060403	50.25735676	54.54231644	2.995879601	5.68809303	6.848343849	0.59970242	0.017425115	4.749300027	0.241470356	0	0	0	0	0	0
1	5	30527565	30787848	0.352550877	0.075278922	2	0.078914782	0.643214516	6	0.715359404	0.409937515	5	0.531385157	3.988826021	15	1.914772209	0.743409114	7	0.723632348	1.595181709	10	1.111840355	1.395544209	5	1.04530379	28.1866609	30.54475594	1.583317494	10.16527904	13.22271538	2.060618023	0.080626644	4.864599991	0.27592963	0	0	0	0	0	0
1	5	31135050	31452135	0.392541432	5.615360399	274	6.053263434	1.309090514	23	1.232663517	0.44620715	6	0.564531907	1.546137316	13	1.234016173	1.475108207	47	1.264327487	4.384069763	47	4.769638062	1.698350661	94	1.309345246	35.84520939	42.46292114	4.277424677	33.05937749	40.63162994	4.294592106	0.31295705	8.062499952	0.465246766	0.037992967	0.23250548	0.335657631	0.01252661	0.565769431	0
1	5	32735996	32960283	0.396095182	0.540025461	47	0.645549552	1.477574155	16	1.330168802	0.408586043	6	0.522661408	1.433149419	12	1.113889668	2.136763917	12	1.369943663	3.904326502	22	2.398063893	2.418459751	80	2.020094514	46.09478687	51.7388382	3.124063705	63.83003475	71.92855072	4.08687306	0.165870504	6.73900001	0.319896841	0.257567313	0.002510177	0.226589147	0.032003638	0.224457949	0
1	5	34258998	34564136	0.391596589	0.105046326	14	0.118884753	1.769755054	26	1.711903984	0.504414237	7	0.598316748	0.929772087	10	0.885869937	1.317258939	12	1.084841694	2.96299165	25	2.243229868	2.691038627	75	2.441854023	59.92162722	63.46752167	2.715413675	50.65192412	51.85795212	0.731043154	0.01815894	2.577099988	0.19833992	0	0	0	0	0	0
1	5	34661891	34882683	0.415522302	13.95816221	825	20.54170108	2.51996621	27	2.060493189	1.071727448	36	1.03984659	0.940764069	7	0.787057426	0.857036721	8	0.828707371	13.08531879	60	7.46757226	2.590235426	90	2.228227236	55.77498774	57.04755783	0.4632798	46.94741164	47.30970764	0.156315372	0.12820427	7.113000035	0.334676269	0.008433277	0.126476503	0.841303127	0.50058426	0.96117613	0
1	5	38221667	38446117	0.419844063	0.187582755	18	0.21026894	1.311378141	22	1.202193549	0.457472303	4	0.573144719	1.058571723	9	0.875382042	2.633210679	57	1.832214514	2.331300408	16	1.578412126	2.025365536	41	1.612738081	37.44001963	38.98933411	0.614309139	32.98543277	35.39435577	1.019082519	0.098057163	6.885200071	0.324957927	0	0.835852083	0.834310537	0.83674315	0.833878369	0
1	5	39385249	39627532	0.384566808	8.454547511	394	9.117614632	2.109503572	26	1.884107702	0.859339903	47	1.010410175	0.92552807	8	0.800662265	1.549976905	19	1.335722099	5.333764914	42	3.586174439	2.922014677	146	2.656802805	34.35894754	35.22550201	0.752611029	35.88585811	40.06594086	1.716249805	0.114314157	6.801600054	0.327676377	0	0.280580973	0.037860684	0.2976189	0.317521246	0
1	5	41591881	41992855	0.374178874	10.66464702	468	14.51451789	1.524831139	21	1.408642486	0.795282381	91	1.07073851	0.969455951	9	0.779761874	1.366539849	13	1.163901877	7.476176733	52	6.702026574	2.475892443	245	2.20348122	30.6006568	34.53404617	3.089047904	55.21866886	58.62467957	3.117656898	0.158649727	6.960699823	0.295910026	0.033443565	0.190605875	0.417817614	0.224281375	0.415864869	0
1	5	42236816	42493136	0.379845506	5.264819568	1467	5.901993281	1.044891878	13	0.931728531	0.496474234	16	0.629037974	1.435170657	11	1.098682432	1.798830554	23	1.268175204	1.981030074	12	1.380690713	1.681080287	55	1.365986407	31.92104897	34.38478088	1.289401857	35.55011612	39.14309311	1.044035768	0.092697835	3.839900034	0.236803481	0	0.270201311	0	0.270981586	0.269502965	0
1	5	61624018	61833468	0.386426355	11.271596	568	16.15132628	2.375839913	26	1.880477601	1.327479106	69	1.687295165	0.762421387	5	0.715103431	0.712592903	13	0.724716153	12.77716371	51	6.82336424	3.180128102	167	3.181158281	47.36008492	54.11960602	2.948048286	68.59535185	72.72725677	2.844269642	0.267465451	8.118699837	0.446416291	0.026407257	0.638963953	0.911955121	0.799054667	0.981002626	0
1	5	156266556	156482065	0.411769346	2.00440538	466	2.555196491	0.712321357	6	0.725639414	0.401957638	7	0.522485091	3.427964198	13	1.634819487	0.80416365	15	0.760624105	1.32196735	8	1.007459776	1.364112867	5	1.045447508	21.03305115	26.22935677	2.284885245	69.34610783	73.27430725	2.040534529	0.027264265	4.749599975	0.256452324	0.001624062	0.128834527	0.32114204	0.145274675	0.31929989	0
1	5	158703831	158905328	0.416249373	4.306223821	660	6.363565337	1.766339137	19	1.512620599	0.683184452	14	0.745718408	1.146369144	16	0.992666587	1.406552818	24	1.183896247	6.240549935	43	3.80293614	2.421602506	87	2.073040909	29.215288	30.51321602	0.48778994	63.32399721	64.62953186	0.760976766	0.094868531	6.936800146	0.26803723	0.012024993	0.002263061	0.090353703	0.015955573	0.1112225	0
1	5	164034726	164251255	0.355231863	0.076289186	2	0.081960853	0.788849543	7	0.778780655	0.395924158	5	0.504279076	1.493549148	8	1.155414892	1.070344466	8	0.85683686	1.035067533	8	0.855550976	1.369985832	8	1.029279368	20.08630481	25.13386345	2.547762317	10.13601333	11.39090824	0.401090498	0.086983738	6.965899849	0.322439554	0	0	0	0	0	0
1	5	178726268	178935685	0.517718237	0.198152113	3	0.210587789	0.677650421	7	0.719057772	0.527208199	5	0.597547829	2.879975563	12	1.633635984	2.207708742	42	1.912182287	0.897284616	7	0.820760383	1.45960702	13	1.054359933	63.12938327	70.03588104	3.639774609	62.8834238	71.57557678	4.534189149	-0.078139006	5.155099934	0.321803266	0	0.000487066	0.219948715	0.000955032	0.219284967	0
1	6	17715610	17949453	0.418233601	19.02722831	714	19.08136345	3.132224279	30	2.645801402	0.899721675	6	0.84077042	0.971432773	19	0.875760106	0.829052918	8	0.804538069	15.13015577	64	9.442846384	3.776467757	225	3.838027301	67.39448857	68.71020508	1.041812416	51.0265185	52.45854187	1.014317018	0.137461108	7.612699986	0.38173964	0.812682013	0	0.805523364	0.661661884	0.80543356	0
1	6	28533516	28751023	0.413329226	1.349874968	33	1.69754489	2.297325897	20	1.762125682	1.756343105	61	2.285901008	0.994814946	11	0.816193173	2.094308869	38	1.864597661	2.410150032	32	2.193336685	4.297725195	166	4.393583501	47.8551516	50.72768021	1.586917567	50.54120797	53.28670883	0.944373574	0.041473222	5.318600035	0.234250149	0.001291912	0.002841288	0.06807597	0.009613484	0.057331488	0
1	6	29128515	29334555	0.37655795	1.541429195	108	1.718464024	0.813117551	8	0.7763422	0.423120464	5	0.533238791	1.204347912	10	0.980454438	2.178095148	17	1.40739202	1.470813877	11	1.159750388	1.39846735	13	1.061252929	31.92368372	34.47052383	0.519055876	44.2207327	47.53136063	1.120556268	0.080413409	5.061400008	0.24020007	0.000422248	0.052169482	0.013934188	0.052810134	0.050965832	0
1	6	62704592	62920556	0.346923561	0.108695853	2	0.112474732	0.638099707	5	0.688066266	0.381043925	5	0.489720451	4.31667006	17	1.978378129	0.713013411	8	0.719509463	1.444085588	10	1.083326746	1.304101802	12	0.983530571	13.9571958	15.98730183	1.638785098	10.57733577	12.10675907	0.333579635	0.046029439	6.71049993	0.252965659	0	0	1	0	1	0
1	6	90156288	90394830	0.427484468	9.971564969	424	11.93111334	1.792332872	15	1.451612023	0.72389152	51	0.956037765	0.679050943	6	0.704543694	0.678719739	6	0.689835485	10.76948822	62	6.941489949	2.100178168	83	1.70565015	55.16742841	59.02758789	3.226037625	73.7739089	77.21846771	1.735631997	0.156576604	7.746500039	0.384669446	0.13863806	0.504917373	0.511163653	0.758616931	0.947837278	0
1	6	101198060	101411646	0.357588981	7.132201253	580	7.641392744	2.004943549	17	1.585373866	0.988885137	68	1.217242429	1.14140851	12	0.911833524	1.053734067	15	0.931410072	11.32583287	55	6.977023105	2.00142696	81	1.65127425	50.06105534	53.31031418	1.510410235	37.03446222	38.04109192	0.767333174	0.168024695	6.896200168	0.266698755	0.509972564	0.06258369	0.551595142	0.039581246	0.612755518	0
1	6	104056023	104287477	0.348125329	0.087514144	3	0.092165098	0.640145207	6	0.702848056	0.385259707	6	0.481093623	2.708097748	12	1.558687572	0.80111578	15	0.770473774	1.21145951	8	0.928567074	1.273731238	6	0.963889168	22.12009677	22.96587372	0.579285151	9.043433268	9.328225136	0.117918105	0.050550381	4.32099998	0.252781677	0	0	0	0	0	0
1	6	115222670	115491537	0.357146842	0.068891535	2	0.075972082	0.772467311	6	0.788635765	0.374711277	4	0.479724476	1.902815919	13	1.268903416	0.990439617	7	0.80676436	1.286270364	19	1.057877043	1.323763437	5	1.032613381	20.3446267	22.26697731	1.021336181	26.14152597	27.30474281	0.737808961	0.041434254	5.843900013	0.223123052	0	0	0	0	0	0
1	6	129069774	129366135	0.362227149	0.285901573	14	0.308316338	0.974265055	13	0.908836924	0.40773254	6	0.519316722	1.011517226	9	0.829298977	2.543780449	60	1.731281395	2.067226251	17	1.513916652	1.647304181	73	1.360168636	42.99892512	54.30382538	5.574618501	34.14533648	38.15825272	1.360319663	0.10081574	4.219899905	0.269534378	0	0.000165339	0.545770192	0.001349705	0.545392275	0
1	6	129281305	129669766	0.357114356	2.068139988	155	2.226936294	1.164917791	14	1.073963958	0.422517406	10	0.529477692	0.899134966	6	0.777648782	2.302995825	33	1.548491518	2.422290134	21	1.663264385	1.560912158	30	1.204683837	29.78611459	37.94305801	3.198090031	45.82472502	60.47270966	6.710602487	0.154335837	7.620499802	0.379034195	0	0	1	0	1	0
1	6	129573864	129835294	0.362770149	1.321698892	33	1.38074395	1.82601253	20	1.621720984	0.458297577	9	0.587847385	0.899834098	8	0.7565752	1.650831579	33	1.359260887	4.877004513	29	3.200125692	2.248665208	200	2.240051801	25.54897005	27.07531166	0.651262789	62.33238443	70.14931488	4.421376478	0.206587684	7.153699899	0.445163318	0	0	1	0	1	0
1	6	130169321	130397723	0.381857427	1.49058258	92	1.74260405	1.721790188	18	1.557929031	0.815427355	62	1.08319304	1.003087537	9	0.836481435	1.096259769	9	0.907928412	7.66421141	49	4.777193425	2.429060197	88	2.233977657	27.42603525	30.36316872	0.905737327	69.09441855	73.96569061	2.335959684	0.136358786	7.134700137	0.33591659	0	0.128545284	0.205300304	0.083383683	0.333201986	0
1	6	141193473	141461494	0.349069662	0.141236602	15	0.152091396	1.256602841	13	1.150874133	0.393939205	8	0.512921015	1.095109484	16	0.921035524	1.117190327	12	0.939122548	4.808442027	30	2.669443903	2.278714116	95	1.978058757	29.31960965	30.03319931	0.609284879	19.59812248	21.30689049	0.835523879	0.045161666	5.250700045	0.268844816	0	0	0	0	0	0
1	6	160588961	160800892	0.420679372	1.108483497	18	1.0759521	2.007844349	21	1.682811551	0.512434762	14	0.643232348	1.351445687	11	1.162380516	1.479689417	22	1.263398499	4.907306859	28	2.982193086	2.350107436	40	2.009359703	30.28497075	35.83041	2.711966937	50.03492796	56.84058762	2.974397102	-0.039223218	6.04550005	0.25902041	0.135284597	0.089807532	0.343352317	0.113348212	0.429224606	0
1	6	161351815	161568053	0.404558866	7.858365569	235	8.465599516	2.672454114	24	2.275596466	0.989369838	54	1.192412444	1.022175218	11	0.859256182	0.980665281	9	0.904539643	11.42219493	57	7.667594113	3.798136659	196	3.922724261	33.17832008	37.41730499	2.672848965	53.45176182	57.40410233	2.370321815	0.018107078	7.96179989	0.404885985	0.081197569	0.141052914	0.626259029	0.149071856	0.625019654	0
1	6	162274215	162489106	0.398304257	0.307275074	12	0.408193099	0.808525983	8	0.821092191	0.405142182	5	0.500317504	2.832541366	13	1.577076439	1.067677072	12	0.898589445	1.746000375	9	1.212862727	1.61607944	105	1.329598115	16.46483846	18.42581749	1.331951639	14.87065934	18.47867584	1.709046456	-0.060465185	4.538099957	0.289136272	0	0	1	0	1	0
1	6	167941586	168156763	0.260613356	0.136702059	3	0.145459659	0.90454394	12	0.882972768	0.385312771	5	0.445054989	2.563601481	15	2.018953053	2.224725846	29	2.018538581	1.306198303	11	1.201084162	1.679045997	55	1.468923024	44.52275771	62.95700836	9.980545667	43.92234784	56.49204636	6.546588469	-0.246074456	1.950100006	0.28633571	0	0	0	0	0	0
1	7	2961317	3314341	0.467832215	1.18050628	66	1.357385043	1.553630296	16	1.3699235	0.492583892	12	0.625458202	1.409682386	13	1.19284206	2.041083967	18	1.435582862	2.764200718	29	2.191725054	2.09525781	107	1.669389285	66.10010082	69.26768494	1.017561378	64.52020386	74.20542145	4.833333867	-0.025669635	6.389499998	0.319401723	0.019097852	0.288416652	0.177562999	0.391480466	0.442695114	0
1	7	14061369	14277015	0.35821207	0.145030467	6	0.158766134	1.146794082	13	1.024263981	0.448915432	4	0.537603987	0.989137062	9	0.761620462	1.560175539	13	1.191726332	2.721565602	25	1.826990958	1.837655068	31	1.389553168	12.35563431	13.5557127	0.695624389	6.990151072	9.452092171	0.820864056	0.188122018	7.094600058	0.401054501	0.147347968	0	0.409281879	0	0.408781058	0
1	7	15285714	15534529	0.350710367	0.086653154	3	0.091279592	0.767219319	7	0.781380298	0.394902584	5	0.509443536	1.971858371	13	1.361686636	1.068750559	9	0.895220721	1.176580505	7	0.910922474	1.348970393	9	0.995714999	12.8155906	15.43006134	1.094791995	8.042507923	9.889493942	0.674955509	0.103390296	6.014799929	0.348550003	0.45141973	0	1	0.518123907	1	0
1	7	25997981	26240339	0.430788338	51.49153401	3579	62.73699514	2.178195143	24	1.939985112	1.152629816	99	1.746090064	1.015581073	9	0.819309122	1.643804772	11	1.263514468	4.995829907	66	4.585423834	3.377171951	153	3.032768611	67.3290072	71.22007751	2.917087396	71.4296563	72.09654236	0.562069191	0.118533097	6.687099957	0.352325731	0.024269882	0.001654577	0.170602992	0.151581545	0.163794882	0
1	7	31686147	31927714	0.392528781	2.695995029	105	3.428013933	1.465896043	15	1.339783042	0.446983411	6	0.591317055	0.891187653	7	0.769563221	1.143678483	13	1.003536158	7.306474779	36	4.75845994	2.270605927	98	1.977061061	25.96466072	29.8440609	2.929901556	40.95859707	43.40151596	2.195388554	0.10744845	7.457799822	0.321541894	0.190961514	0.023707708	0.668212132	0.009521168	0.687929229	0
1	7	47070504	47429321	0.436414663	3.175237908	131	3.875213545	1.81616242	29	1.730299812	0.521861928	13	0.647997173	0.927143487	8	0.78046611	1.891952985	27	1.535302055	5.673364182	41	4.210364214	2.32890888	139	2.017092621	49.85723752	57.68252563	4.733223697	34.45478492	40.6279335	3.628461902	-0.104477493	6.709999908	0.309135746	0.319299253	0	0.311155826	0.305205718	0.31075172	0
1	7	47635793	48072120	0.444742131	4.214542339	349	5.547683416	2.176934164	22	1.787595455	0.650439683	60	0.805040545	0.911541804	12	0.8226971	1.567431334	19	1.365842858	4.647660743	52	3.717264449	3.337095362	267	3.217931233	56.08476984	64.30199432	5.481350129	44.11802587	45.40136337	0.983802419	-0.102745287	5.862399916	0.288134251	0.09085617	0.044031197	0.589796185	0.425229243	0.587765598	0
1	7	56117100	56397217	0.445810144	49.88556203	2605	67.426731	1.351231771	22	1.288709776	1.50304297	83	2.038818702	2.510337826	15	1.806480219	1.092296023	29	0.954142987	3.564811426	51	3.959142824	2.821850537	207	2.752924114	37.13175077	44.1787262	4.29074665	42.80031377	51.42728043	3.889712412	0.152680316	7.624100161	0.394736548	0.012966011	0.02489317	0.141365929	0.058061453	0.161493233	0
1	7	133623157	133940410	0.399368958	5.434082225	841	6.108309737	1.475526023	18	1.313149175	0.499862692	33	0.642171027	1.0458421	34	0.899874905	1.452817496	20	1.292000677	5.596156116	33	3.669266507	1.915598372	96	1.527896974	40.68081915	45.44329834	3.111838594	45.01039731	49.49241638	3.156674573	0.127094918	7.063299894	0.331481006	0.401430404	0.000217492	0.801927799	0.015977784	0.800241448	0
1	7	133949793	134209489	0.423291079	9.10219675	1544	13.95079652	2.435947513	24	2.174797159	0.891146649	72	1.222271217	1.055772106	14	0.896079754	1.339078884	13	1.158287896	6.666614009	45	4.724420755	3.800342076	150	3.940724593	49.26292909	50.6317215	1.279418798	51.60596095	54.56922531	1.185079271	0.041947443	7.271599984	0.309977605	0.022638008	0.001463249	0.147303	0.061814583	0.145635666	0
1	7	149487134	149736289	0.483883526	5.251349071	147	6.912159283	0.982585927	14	0.931944279	0.888569039	46	1.056631209	0.73141368	18	0.796133395	2.43622954	43	2.313205402	1.770528954	35	1.812095744	2.29171652	117	2.102481901	66.3748691	71.87261963	3.62350093	58.87879426	61.07362366	1.161850984	-0.027803343	5.881299877	0.384699672	0.020545444	0.004800225	0.126154402	0.073155265	0.123665991	0
1	7	153479955	153702587	0.419041288	0.091039119	2	0.10089472	0.582572016	6	0.669537871	0.393353227	7	0.497739856	3.290732404	15	1.847746667	0.819474508	30	0.8997551	1.282695093	8	1.014916754	1.385457009	8	1.096865461	15.1078522	17.22345924	0.454116961	12.76689988	16.38068581	1.176084197	-0.154190111	3.688000011	0.287320027	0	0.531846275	0.529209637	0.532744619	0.52898056	0
1	7	158317822	158530875	0.46112939	12.95518876	1040	20.19113912	1.489584232	36	1.329042081	0.705429381	72	1.04103153	1.435781199	37	1.270484548	1.649365209	36	1.684318092	8.086977402	55	7.100258139	2.130695986	147	1.779432752	70.11083624	70.44985962	0.367719538	55.58632258	60.07014465	3.072813526	0.009046523	6.264100033	0.322514008	0.06273087	0.177476966	0.641859068	0.445687223	0.654128315	0
1	8	196767	690082	0.46571055	8.246102847	376	9.381105629	1.509404637	23	1.456240104	0.872320207	73	1.08490934	1.728795154	30	1.468967272	1.738569418	60	1.755623129	6.045065981	53	5.013032207	2.256370754	130	1.959682673	37.51488514	41.17285919	1.264822801	33.97112992	38.18794632	2.101835501	-0.054653464	6.718300044	0.271556762	0.11754153	0.015718152	0.455793965	0.147487913	0.469951248	0
1	8	4189407	4437928	0.379275796	0.080768	3	0.087118537	0.625020939	5	0.691327779	0.392403821	6	0.498056633	4.781892925	15	2.029566654	0.744931901	8	0.742187236	1.636928186	9	1.161997937	1.349438975	5	0.987075136	12.67905585	14.13375187	0.836918231	7.473157099	7.784464836	0.298331043	-0.233361573	5.530999961	0.308815115	0	0	1	1	1	0
1	8	4795505	5163019	0.379408676	0.097530648	2	0.104122493	0.686018384	9	0.738494733	0.436063527	7	0.554099857	4.291084334	15	1.989647445	0.947001516	47	0.937757892	1.555389015	11	1.110515395	1.365232473	8	1.011178371	13.5233663	17.23732567	1.560276961	8.83095418	9.926465034	0.616981555	-0.124339604	4.740099955	0.280859045	0	0.001512868	0.153553334	0.161313583	0.15332205	0
1	8	4807910	5060247	0.382916497	0.104968141	2	0.112876636	0.717953219	9	0.759826428	0.431088041	7	0.553379997	4.158007392	15	1.963022	1.041242505	47	1.044136685	1.512866088	11	1.074679925	1.394172951	8	1.051392697	12.43563581	14.44797993	0.637401041	8.625113419	9.310063362	0.571226555	-0.127837747	4.408499956	0.295140013	0	0.002203403	0.174480952	0.185783298	0.174144101	0
1	8	14054820	14366809	0.348009064	0.104656735	2	0.11029074	0.668892896	5	0.699726023	0.38404741	6	0.489706808	4.008745469	18	1.886693508	0.716620546	7	0.713148043	1.421816106	9	1.045619941	1.294971296	5	0.959023413	14.44191126	15.80247307	0.539625439	5.193832541	6.032382011	0.509097376	-0.013583964	6.653300142	0.25825862	0	0	1	0	1	0
1	8	20200833	20441209	0.441250374	0.127389768	10	0.138985982	1.079334755	14	0.961913214	0.485288739	5	0.602637053	1.491208168	11	1.147972895	1.690172888	16	1.218117925	1.420255769	11	1.1114942	1.788788658	41	1.322689951	22.31276947	24.58569908	1.186450912	27.94148906	33.1536293	2.596833979	0.023763675	5.094000149	0.334243833	0	0	0	0	0	0
1	8	126346296	126575731	0.467792621	17.93444046	1150	23.57402627	3.085140624	28	2.522489291	1.283065061	102	1.758614362	0.938204915	11	0.802355945	1.17171553	11	0.998370535	5.427926277	67	4.232740165	5.692223715	267	6.51210105	64.16955066	65.42970276	0.94178836	73.92630345	74.15067291	0.17547644	0.02205216	6.465000062	0.339242497	0.009453658	0.015028222	0.167367664	0.044509338	0.163253209	0
1	8	138475895	138797271	0.374520811	0.52870281	99	0.565640171	0.67418362	6	0.730349463	0.406803105	6	0.524240633	3.959756355	17	1.855910819	0.719064822	6	0.729835007	1.487192324	10	1.080717746	1.336002511	10	0.977740523	11.73576316	12.58464622	0.402020602	9.697078473	11.7899828	0.898467264	-0.07013787	4.698000002	0.267753221	0	0	0	0	0	0
1	8	140107246	140323055	0.427503024	0.079475399	3	0.084921841	1.445806117	18	1.337202002	0.437870593	6	0.570780994	1.125361573	9	0.894474238	1.943086785	23	1.329595443	2.476437305	19	1.798098166	2.061749946	119	1.759537305	26.48687669	31.9732914	2.378087443	25.62899749	29.97402191	2.215877728	-0.086574132	2.350999969	0.233369689	0	0	0	0	0	0
1	9	252465	489287	0.417359874	1.354748289	45	1.668750627	1.729567872	19	1.579891054	0.562716824	25	0.672656471	2.087625695	19	1.294772145	0.914475284	11	0.82751905	6.157995902	24	3.161380815	2.75382067	186	2.379087625	62.07850906	64.15921021	0.914533276	68.20945296	72.55982208	2.369843801	0.156691895	7.7098001	0.397375334	0.254038898	0.561957926	0.894148348	0.582276984	0.973752439	0
1	9	319775	547052	0.426307985	3.020918909	52	3.944126073	2.139425145	19	1.932643858	0.709355535	42	0.897096528	1.708142082	19	1.223750935	0.924136813	11	0.832691579	6.869857446	34	3.754396698	2.967610101	186	2.567781171	61.4843191	62.66331863	0.322705116	65.59593321	70.30593109	2.52112802	0.129687819	7.25890007	0.390051032	0.264707823	0.543561381	0.635541652	0.564733783	0.972650114	0
1	9	6745216	6962830	0.411269496	3.189516735	1382	3.434333611	2.586927353	21	2.13261374	1.243716143	69	1.59884486	0.787108308	7	0.719390643	0.738789356	6	0.76789398	8.294842943	41	4.682666504	3.053284609	147	2.878849011	57.58320873	61.71447754	3.060407846	75.06666385	78.93932343	2.10560009	0.140185115	7.483799952	0.318233028	0.680397401	0.829243523	1	1	1	0
1	9	17997359	18281754	0.378986972	0.1448113	10	0.154228477	1.146951404	15	1.089413689	0.473203781	6	0.601392476	1.243375718	16	1.058401567	1.479509246	10	1.121049837	2.465897282	33	2.250948259	1.91642702	67	1.55572653	15.049831	20.51426315	2.337747349	19.65042635	25.621912	2.68007802	0.117647095	5.647899914	0.327756519	0	0	0	0	0	0
1	9	80918404	81153779	0.418884758	17.35532405	3015	28.93636847	1.238554923	12	1.044017594	0.623513097	6	0.671575237	1.068451865	9	0.911190446	1.705348965	16	1.2925818	5.040879011	55	4.567163335	1.806208773	31	1.30385649	43.75978262	53.427845	4.72588837	40.41423904	46.92281342	3.245623011	0.159793544	7.106200027	0.390170245	0.004278279	0	0.108754116	0	0.108303771	0
1	9	92312198	92732652	0.189625976	0.145792612	3	0.149501493	1.757828579	16	1.622504035	0.474248871	6	0.52828518	0.941311202	11	0.88238291	2.687360797	22	2.336270639	2.201429005	17	1.878517067	2.343951846	82	2.113802486	35.00663653	51.41090012	9.205768459	43.70868787	64.05076599	10.48185276	-0.199850344	2.098400015	0.240915814	0	0	0	0	0	0
1	9	115379103	115592882	0.417538673	3.920362217	229	5.023967889	2.144538655	22	1.709267957	1.004975612	89	1.31581414	0.876453542	12	0.815393665	0.969082737	12	0.854424746	6.803252852	41	4.50693923	2.924356871	137	2.733253247	68.4628593	68.62085724	0.075201634	74.22193507	74.76286316	0.442114926	0.154284285	6.278799808	0.32095697	0.252873294	0.008957849	0.710214754	0.394112612	0.712123267	0
1	9	134527127	134762646	0.491353139	5.186757277	326	4.622334238	3.032858292	32	2.626330038	0.62625024	46	0.796975799	0.745235815	12	0.733853311	2.469739032	46	2.437956728	4.424045881	29	3.660350111	3.822933461	191	3.805952984	71.79944095	76.01342773	2.472764481	74.22238178	76.28741455	1.633958647	-0.06812118	7.35550021	0.32254403	0.115290062	0.129038422	0.487485086	0.394864109	0.486652882	0
1	10	6146661	6361141	0.480576278	9.973591255	621	15.47056578	2.332261376	25	1.954046221	1.369091533	80	1.838011909	0.789773743	8	0.765204877	1.413508476	17	1.253318083	6.129305972	78	4.897419284	5.360077364	271	5.858181577	62.50503897	65.33984375	1.470288844	76.20383897	78.5947876	1.478899768	0.000917077	7.652800131	0.344217644	0.042936404	0.272020701	0.460662999	0.421237411	0.459879709	0
1	10	29371871	29585430	0.423330321	0.100069708	2	0.111231379	1.529223594	20	1.445702901	0.493957413	6	0.624991738	1.231573538	15	0.990073611	1.974166144	21	1.360376037	3.105981759	30	2.492489599	2.710840473	152	2.555731077	69.40438886	70.80029297	0.783099868	29.642042	34.62460709	2.342472277	0.010178117	4.856100059	0.318952795	0	0.000266905	0.034575925	0.001873019	0.034046797	0
1	10	37483620	37740789	0.378086006	1.067496922	119	1.193820252	1.1086944	16	1.062779532	0.426674427	4	0.534135703	1.745618005	12	1.195635657	1.214758277	10	0.998895182	2.31953774	18	1.705465224	2.019267927	91	1.746794269	20.18738867	22.59293365	0.884455291	16.41545067	17.86489296	0.661781357	0.050637041	5.902700028	0.245081594	0.593547434	0	0.143007128	0	0.736348471	0
1	10	79369487	79595193	0.46029791	11.41171514	578	15.55644166	3.039601704	22	2.304990299	0.746001875	58	1.040032075	1.309518144	19	1.231518755	1.138611592	13	1.018806639	9.546129963	57	5.826228377	3.848291746	223	3.728804429	69.51502692	73.59984589	2.038284964	66.60526199	68.04965973	1.280524323	0.135011064	7.050500023	0.432129311	0.126181847	0.004222307	0.31416533	0.189613923	0.312029809	0
1	10	86623452	86930338	0.387332755	0.074762724	3	0.079940261	0.67393334	6	0.73155163	0.405577316	5	0.504242737	3.291951487	14	1.688843772	0.775802691	6	0.743776769	1.396199927	10	1.020332511	1.353302222	9	0.998703371	30.86457195	34.35718536	1.390387246	24.32840952	31.46412086	2.780315329	0.031876231	5.715499878	0.254952296	0	0	0	0	0	0
1	10	86794536	87022939	0.395143671	0.077172301	2	0.08285229	0.683604669	6	0.730246764	0.402464777	5	0.513591018	3.737874797	16	1.783454345	0.732724333	6	0.728775527	1.45156834	8	1.054194044	1.305704455	5	0.9458849	28.23425611	30.46093559	1.330239794	20.91258415	22.91494179	0.740280276	0.025140958	5.715499878	0.270890837	0	0	0	0	0	0
1	10	90484737	90763064	0.385032713	5.657943281	616	6.84714977	2.360433402	22	2.077284227	1.094521903	83	1.51433639	0.932555346	10	0.783249754	1.061117188	15	0.905031272	6.837781579	40	3.533487093	3.801315757	230	3.848310891	36.28595699	37.15382767	0.576625047	74.21653445	75.06119537	0.548145651	0.106581412	7.473000053	0.37620389	0.190286965	0.285588534	0.677724403	0.328304476	0.899610889	0
1	10	107100763	107317898	0.378930159	0.095629977	3	0.100156471	0.879749994	9	0.848488682	0.400610738	6	0.521274893	2.746455342	13	1.486802799	1.024367021	6	0.859435271	1.72230651	10	1.223692185	1.605780067	54	1.285523001	16.89991864	18.58240318	1.420775116	12.94593324	13.7882452	0.675538573	0.038420127	4.056500006	0.275644638	0	0	0	0	0	0
1	10	116636290	116883372	0.398847346	7.733938919	230	9.031925649	1.718196418	19	1.530644378	0.726097487	98	1.015902383	0.946214499	9	0.854938426	1.524532045	29	1.314078609	5.681043552	51	4.955854188	2.620104064	100	2.356527691	60.95424568	62.09418869	0.441195388	50.93151083	56.76673889	2.961655467	0.17102227	7.497899806	0.334061418	0.103580997	0.001784833	0.364971953	0.161646741	0.362300775	0
1	10	118901368	119184715	0.432589722	20.88522257	722	25.48324898	2.487768599	28	2.063602034	1.158302342	69	1.461036634	0.988721217	8	0.801593753	3.024664926	55	2.621280064	5.894755173	50	4.718546753	2.927249462	86	2.50497177	57.38963517	59.37203217	0.910088764	40.28332976	42.3141861	1.712664424	0.186983868	8.134799886	0.395237241	0.017445041	0.002968092	0.495307873	0.032874885	0.482129686	0
1	10	122486271	122770533	0.422694556	16.35651283	663	20.6094252	1.386827284	19	1.303286246	0.768213495	65	0.969922486	1.076876634	13	1.004907814	2.224047378	40	1.809065588	6.369220262	65	6.608939743	2.229381003	116	2.029776742	38.27998839	44.45437241	4.247230743	33.9651759	34.51571655	0.217077096	0.052584505	7.582300138	0.333523356	0.002853002	0.01743462	0.201549979	0.002504732	0.200691615	0
1	10	127924952	128142477	0.42022756	0.110467697	2	0.122348048	1.248443734	17	1.154720072	0.506245706	15	0.627780616	1.218772423	13	0.992033838	2.030740092	33	1.427126948	2.421657556	23	1.761420885	2.153261046	83	1.854666687	42.67586945	46.68234253	1.593616696	23.38473077	29.18135071	2.753246377	-0.055017748	4.419199979	0.314750099	0.004279968	0.001425124	0.826603839	0.040395357	0.826019998	0
1	10	133245153	133473311	0.362003524	0.099611205	2	0.106002978	0.605346329	5	0.657529601	0.393081218	5	0.48188051	3.800261578	19	2.252308138	1.176191815	11	1.08268339	1.214142993	12	1.065857474	1.386961547	5	1.056794886	39.65631624	45.27010727	2.83522344	24.33810938	28.71042633	1.914037222	-0.176417418	3.772999859	0.274561855	0	0	0	0	0	0
1	10	134136386	134364854	0.557005795	1.991976177	113	2.534941762	1.872209237	20	1.745128299	0.7974109	74	1.257452051	0.75405632	12	0.790525914	3.722473513	30	2.907027383	2.763105958	66	2.965541888	3.138828892	147	3.052142592	77.4203314	78.75154114	1.062266312	58.44451999	59.45710373	0.758358915	-0.18348861	4.99169991	0.335144383	0.214813453	0.024988182	0.379033388	0.2230947	0.385064867	0
1	10	134702516	134928191	0.573776448	0.266758694	33	0.279551483	0.839061898	9	0.883899033	0.442890494	12	0.549318503	1.567179026	26	1.320135428	7.309762561	44	4.944977828	0.800987908	16	0.892467309	1.572234234	19	1.092876662	62.87984132	67.4810791	1.277766084	50.60899749	56.25961685	2.036371359	-0.19583854	5.408899945	0.350534313	0.179195746	0.065461394	0.430845242	0.420932757	0.4296444	0
1	11	12744011	12946642	0.428833693	7.516009981	297	6.510847068	4.847260866	27	3.466013215	0.670006836	30	0.801091056	0.757087344	6	0.727018119	0.652648522	9	0.710771494	12.41389646	46	5.99677369	4.995061752	226	4.887488374	57.68270812	63.7915535	2.831011469	38.75734821	43.35591888	2.098954413	0.188416001	8.622300053	0.492080981	0	0.775799359	0.793871619	0.791932133	1	0
1	11	21309970	21591587	0.367001992	0.113650408	9	0.11951526	0.693012649	7	0.747948431	0.382100302	6	0.494596701	3.580254866	15	1.711780802	0.811286606	7	0.752068689	1.581059267	12	1.099493639	1.46483204	20	1.112850999	16.77519788	17.94539452	0.790919204	12.6713523	13.69418144	0.788470293	0.027297941	7.197400045	0.274446275	0	0	1	0	1	0
1	11	26983712	27251286	0.389301651	1.776262338	82	2.268170975	2.233871552	21	2.02230242	0.479848597	16	0.606970675	1.134136743	10	0.954141898	1.008232072	10	0.873394129	5.910223582	29	3.277192252	3.998517732	204	4.091080656	38.87921311	46.47761917	3.955330663	28.05553452	34.45483398	3.489352976	0.07494545	7.359000039	0.270869649	0.008509795	0.056627326	0.27154731	0.078303572	0.322393058	0
1	11	31534573	31831106	0.366306617	2.508180368	168	2.372995601	1.239525763	16	1.142164279	0.725051129	6	0.713330349	0.97056887	8	0.840259916	1.826679038	72	2.012044314	6.577515664	47	3.440169026	2.15089556	92	1.737739344	32.65650711	39.40696335	3.302330238	43.73421661	51.74686813	4.682450766	0.371304983	8.686000204	0.574297428	0.018891658	0.010612647	0.967821457	0.009567232	0.977651728	0
1	11	73936645	74539988	0.422413122	10.15651686	14624	16.85925577	2.121124607	27	1.829086323	0.838760087	99	1.074251432	0.959432246	16	0.844662395	1.336711524	57	1.246745272	8.183512693	48	6.322152362	3.261336578	155	3.253136556	67.12564468	68.69908142	0.761298528	67.11210723	73.1497345	2.085386212	0.218612936	7.29660008	0.322983766	0.064949788	0.210785573	0.54115818	0.350954598	0.717217238	0
1	11	74027538	74539358	0.423318745	10.32835276	14624	16.42620478	2.073373975	27	1.850616377	0.890160058	99	1.142642574	0.969993569	16	0.858121319	1.425868475	57	1.324946361	7.634686927	48	5.961180475	3.292275115	155	3.300670844	67.06473398	68.33426666	0.784151143	66.47333715	69.55106354	1.724798839	0.211854005	6.743999958	0.313308016	0.073439881	0.238050486	0.495121332	0.388732367	0.703595014	0
1	11	86371765	86756607	0.417080256	10.02707874	1855	16.00944745	2.5222025	24	2.273670805	0.958637304	80	1.243150347	0.968087537	12	0.813300496	0.909980167	15	0.849580595	6.305346476	37	3.502227484	3.483397472	259	3.473753315	73.82980354	75.63074493	1.212743173	55.14684768	62.71867371	2.509670291	0.162582638	7.439700079	0.329742303	0.388673793	0.087124067	0.43219555	0.109704762	0.139571564	0
1	11	93218472	93677483	0.414713373	14.5588591	3593	18.57948501	1.766414646	20	1.565344895	1.196147953	84	1.693138148	0.940196537	13	0.795230059	1.292441154	12	1.114939714	9.053686897	67	8.122621873	2.578218817	149	2.358007608	52.38460587	59.17284393	5.22329531	59.30460755	62.40345764	1.941049679	0.111825063	7.952399963	0.303311556	0.070991763	0.392624578	0.306478494	0.404676576	0.547041356	0
1	11	99789700	100112804	0.356724151	0.241542331	6	0.246215667	0.726382832	7	0.771343445	0.368236556	6	0.486118326	2.525966984	13	1.568226264	0.976835581	11	0.81358214	1.463113973	18	1.158268799	1.362339591	19	1.02858641	20.50101872	25.36788559	1.723487551	21.71862508	28.45017242	3.076199171	0.0603829	7.461500144	0.306053224	0	0	1	0	1	0
1	11	106940899	107202602	0.380989137	4.219936477	206	4.336995295	0.996305556	13	0.902732144	0.42248447	6	0.549042622	0.988110407	8	0.810503777	1.41780977	14	1.138606896	3.023640338	31	2.661427568	1.550197253	17	1.137978536	21.98722692	25.27655983	1.80389096	39.2767654	44.06245422	2.442376479	0.083504792	6.980999839	0.223653979	0.002158936	0	0.01897953	0	0.018429288	0
1	11	107611704	107823923	0.433750041	9.118346123	3437	12.40580417	2.156236359	27	1.840037152	1.035301632	70	1.212402544	0.782215328	7	0.755902449	1.759908444	34	1.460361843	4.787355939	56	4.559892136	3.02801443	310	3.143335946	45.44355109	50.11843109	2.63359593	69.20124575	71.0499649	1.161614124	0.08563646	6.474199939	0.256170923	0.007652472	0.329183532	0.457527366	0.363530127	0.78067468	0
1	11	108478680	108720005	0.379542111	3.582809887	162	3.165552389	2.444135886	28	1.952174797	0.925200783	76	1.046576142	1.090331672	12	0.933498635	0.770501619	13	0.754719128	10.17506867	53	5.825640566	2.835660557	234	2.844842819	55.33262073	60.53528595	4.363994428	66.88226792	72.4209137	3.622643863	0.148021016	7.648000085	0.291843671	0	0.000534549	0.762975241	0.019782451	0.762204496	0
1	11	132953768	133158580	0.424477081	0.107823069	2	0.113944124	0.789373315	7	0.766963946	0.428825869	4	0.516086038	2.301553213	11	1.358101889	1.208638718	12	0.950929774	1.27902115	9	0.969472695	1.51445299	12	1.059629239	11.9673211	14.50196075	0.904917813	29.76632908	30.36118507	0.540550891	-0.010249893	4.922100091	0.400252764	0	1	1	1	1	0
1	11	132954727	133268340	0.423180799	0.11263305	3	0.119931864	0.931110525	10	0.859827016	0.431445012	6	0.54021102	2.428949279	15	1.40809876	1.149196842	12	0.925162238	1.603530179	13	1.238604541	1.996591981	132	1.524836992	13.24645199	16.08682442	1.775043789	29.60354681	30.36118507	0.520643957	-0.01351627	5.103600097	0.400437453	0	1	1	1	1	0
1	11	134346368	134613348	0.476455165	0.087891633	4	0.093595435	0.647945578	7	0.70202414	0.422024768	4	0.529518714	3.645634999	15	1.692792283	1.018126045	11	0.93316423	1.227457319	11	1.001476528	1.39161	5	0.953052866	30.71035315	32.72136307	0.803588727	30.76160313	38.06494141	3.457047651	-0.108577989	4.298500061	0.285199279	0	0	0	0	0	0
1	12	73810891	74095489	0.348213972	0.09038613	2	0.095508863	0.861502694	13	0.8622626	0.410153763	7	0.539605224	1.588618809	9	1.128844153	1.314536626	11	1.036630572	1.916786488	26	1.478714969	1.436932665	83	1.139194061	15.16344183	16.17564201	0.626300097	7.598662845	8.464262009	0.695129468	0.047370287	4.762900019	0.240885423	0	0	0	0	0	0
1	12	84026755	84264603	0.360276311	0.085395031	2	0.089884291	1.054544589	12	0.977261961	0.413400273	6	0.517953468	1.272757684	11	1.024684324	1.3500645	16	1.085556449	2.41983471	22	1.781952795	1.815286683	35	1.44616879	22.5880092	24.38916588	0.782893592	12.69555092	15.32992363	0.787882547	0.037172113	4.187699965	0.220484637	0	0	0	0	0	0
1	12	109922814	110138659	0.497829461	14.09005144	385	17.43381144	1.779659553	27	1.580201838	1.12469366	76	1.278229394	0.6698557	11	0.707659321	1.93922796	18	1.646596614	7.898283248	57	7.911418044	3.130092526	270	2.905007593	69.34610772	70.95541382	0.479215421	68.95015331	73.16866302	1.358893238	0.039147046	7.635499978	0.471259658	0.234242165	0.038981677	0.407611944	0.247274665	0.410688225	0
1	12	124774314	125032964	0.573272762	16.64451492	1115	26.87767257	2.781213315	28	2.453889584	0.996385231	56	1.134951185	0.679432002	19	0.736827063	1.915502396	40	1.637897072	7.717603028	113	6.18662173	3.498743289	191	3.187596808	70.46934335	75.58016205	2.763864744	67.62497623	73.3205719	2.640606838	-0.174360072	7.451600075	0.482543851	0.023846897	0.702559443	0.730508409	0.976671177	0.955955925	0
1	12	129393888	129671876	0.454634732	0.479336809	83	0.525263764	0.587604489	6	0.67789391	0.406160741	8	0.524966607	3.93385662	13	1.753509701	0.801290888	10	0.784226128	1.241917949	10	1.016331573	1.35216828	6	0.964837149	15.70086293	18.4233036	1.144756906	63.66306141	69.83638	4.383560929	-0.125840684	6.157699978	0.308066694	0.014475445	0.368979956	0.673424752	0.364515734	0.668579219	0
1	12	130008238	130256986	0.42160741	0.081819607	2	0.088829456	0.642548421	6	0.704639829	0.464035038	5	0.580527231	4.315342907	30	1.862265168	0.632981766	7	0.702098161	1.538318283	11	1.099381015	1.395867687	5	0.995561273	14.28061161	16.71671486	0.5883332	30.06692905	36.52519226	2.672981254	-0.165514543	5.975600076	0.299743819	0	1	1	1	1	0
1	12	130860279	131092219	0.479598172	0.075685142	5	0.082488002	0.603277993	6	0.687234552	0.395208845	5	0.503463013	3.711311085	25	1.785024615	1.117162161	10	0.986684487	1.248211698	16	1.068873136	1.349491732	6	0.948153943	33.71160401	40.16630554	2.37983802	44.38624773	51.09826279	2.550165551	-0.108749663	7.718000174	0.384582881	0.155751487	0.833612141	0.344395102	0.83195654	0.89899543	0
1	12	131626338	131842208	0.498902117	0.126812077	10	0.137236015	0.620538865	8	0.695126387	0.40682891	5	0.503239615	2.958728808	12	1.584847468	1.354001311	15	1.190686068	1.006409324	11	0.907077818	1.373872579	6	1.011194076	60.60128177	62.6801796	1.095394412	59.8353601	65.03840637	2.414393456	-0.062707495	4.132700032	0.249207939	0.005456988	0.004048733	0.002987909	0.011103905	0	0
1	13	19789697	20013234	0.400533245	6.988896565	1470	9.00324499	0.623366753	6	0.703658694	0.410468716	6	0.516755315	4.761786993	16	2.27064027	0.894367338	13	0.858748322	1.732114679	13	1.27455062	1.251346047	5	0.955496305	44.87271805	50.50009918	2.928692138	40.4611138	46.3992157	3.204233244	0.111543843	5.058799994	0.275201162	0.000827603	0	0.071724144	0	0.07126337	0
1	13	20181539	20483256	0.424009917	10.97756356	360	11.67398814	2.022142243	21	1.64159136	1.332757832	80	1.81395989	1.019643967	55	0.909564121	0.900290186	16	0.813339005	10.19166538	60	6.560675262	3.646195615	228	3.668455728	68.76114064	71.20980835	1.877771928	58.99173623	64.10812378	2.609651166	0.087199351	6.806500006	0.285809915	0.05501513	0.039885058	0.482561473	0.177805692	0.515854261	0
1	13	23483512	23707103	0.421050042	0.372241279	3	0.376118498	0.676912388	8	0.70864802	0.451807698	8	0.575649199	4.586290433	17	2.140588871	1.195464065	30	1.075115311	1.294217456	8	1.043785655	1.326148846	9	1.004880167	64.63458949	66.06749725	1.18315943	51.51614525	56.30397797	1.972962823	0.004489927	6.590899944	0.251834393	0	0	0	0	0	0
1	13	24585765	24955735	0.442170987	4.402036621	1337	6.198643667	1.471485101	20	1.335324168	0.520330251	14	0.648237238	0.950509183	10	0.806177501	2.748985308	39	1.950014502	2.325433113	20	1.681028625	1.9740893	82	1.557797182	64.93065721	68.33428192	3.160689828	62.99430267	65.2950058	1.439862657	-0.010010767	9.117199612	0.350108629	0.013698408	0.745765873	0.232213423	0.725153391	0.823680298	0
1	13	43488676	43843832	0.403830993	0.661848803	90	0.733210049	1.957962024	27	1.677903303	0.537717142	16	0.670011584	1.011083286	10	0.807688233	1.261476849	10	1.039181552	5.125440319	31	2.721945248	2.30706043	122	2.072383939	44.39597879	45.81604385	1.087188357	68.3359773	70.78036499	2.41452781	0.1225825	6.375999832	0.317964289	0.162858012	0.004434671	0.61086959	0.032974242	0.609464573	0
1	13	43488700	43868421	0.403404078	0.63658411	90	0.712096493	1.966165396	27	1.706578806	0.531995424	16	0.667453728	1.003922253	10	0.800357678	1.271880914	10	1.03720867	5.131649156	31	2.722996513	2.337468959	122	2.080514721	44.16086784	45.81604385	1.280859386	67.82307204	70.78036499	2.889560344	0.124587762	6.361099863	0.323077563	0.217077802	0.004147782	0.636043305	0.030841065	0.634729183	0
1	13	104492206	104902672	0.35039443	0.088193869	2	0.092095899	0.964476228	13	0.872996374	0.419579007	6	0.538726549	1.710483711	10	1.188300134	1.098501073	11	0.872253784	1.629856897	15	1.241504981	1.598660188	70	1.247975793	29.00205229	30.36870003	0.795968457	15.22131859	19.17926979	1.295161923	-0.030612554	5.222999954	0.294710036	0	0	0	0	0	0
1	13	106780264	107180682	0.399485038	19.0406888	1079	24.19738315	2.64152547	24	2.304959292	0.65495196	11	0.710888816	1.335886951	14	1.090859828	0.854322865	11	0.769889705	6.847646289	48	4.107365522	4.318402915	302	4.563055342	48.94856975	51.38272858	0.951093507	17.31339362	22.98624992	2.946509472	0.062471281	8.154200029	0.424000445	0.008263864	0	0.088145388	0	0.087173903	0
1	14	85018695	85292037	0.359688595	0.065045673	2	0.068996006	0.852809772	11	0.81543036	0.39377806	5	0.504001706	1.624991915	9	1.161254328	1.109298956	11	0.873470001	1.245971365	17	1.068254602	1.433267314	17	1.062224797	11.66496835	13.21724987	1.023526879	5.457469478	6.236369133	0.450353491	0.015872692	3.912299991	0.279573189	0	0	0	0	0	0
1	14	85942947	86153989	0.384762275	18.77780327	394	22.1299114	2.244683714	22	1.891635336	1.999037729	62	2.481382127	0.871834869	9	0.774690601	0.987232904	10	0.90758876	8.904673599	51	6.836728675	3.862503451	143	3.934017256	12.38466355	12.61889935	0.163515176	4.706610204	5.474311829	0.471519952	0.163139053	7.544899988	0.434476052	0.025847935	0.43334976	0.011490604	0.008377479	0.430004454	0
1	14	86835202	87177225	0.352122518	0.067628007	2	0.0725466	0.983333645	16	0.920756097	0.386612258	5	0.487804259	1.341572893	11	1.078701562	1.207216308	10	0.997004962	1.739138799	15	1.353143008	1.571030896	48	1.25031969	11.65926542	12.06384182	0.253421494	6.130124538	7.591642857	0.907011565	-0.012417222	3.787500006	0.276846171	0	0	0	0	0	0
1	14	88929909	89130748	0.402974522	11.9079875	651	16.43639618	2.078478403	24	1.824089993	1.388826762	72	1.89939234	0.810713193	8	0.754927595	0.735822658	7	0.760500924	15.17261856	82	7.990818333	2.90863842	92	2.710240728	41.5640223	45.10916519	1.690620153	46.42880794	48.29852295	1.127412359	0.21298144	7.893400097	0.490815831	0.070897585	0.179915256	0.925308332	0.870194534	0.944990764	0
1	14	89878851	90082805	0.443134236	0.407261676	12	0.469875426	1.542184937	26	1.383112023	0.611655856	45	0.849212875	1.016491747	10	0.854129149	1.762750226	18	1.312714836	2.929555773	16	1.820639048	2.648708018	189	2.464274265	39.25473866	40.85125351	1.273070985	70.50253104	72.47136688	0.909714463	0.089905158	6.288899994	0.353750664	0	1	0	1	1	0
1	14	90084784	90421901	0.415140737	1.608941122	3301	2.288139252	1.537755048	20	1.402175388	0.746402282	57	0.906676971	1.094476007	12	0.892679211	1.399552916	12	1.137744952	5.29246766	33	3.385383645	3.172147146	205	3.02979137	40.54824035	46.79296112	2.254658819	68.72416348	73.68744659	4.129601897	0.120801205	4.954500008	0.338291625	0.3861686	0.003348986	0.474227049	0.041436653	0.475280096	0
1	14	90848544	91074011	0.488852027	28.73975577	5363	52.44032897	1.895825288	26	1.786650962	1.119634809	80	1.459869215	0.881881302	32	0.841545651	1.940189095	15	1.576766771	4.714072072	78	4.019926979	3.313797272	201	3.381166316	63.75958362	64.51726532	0.565571128	57.76875756	59.4924469	0.517434017	0.005679235	8.050700146	0.385630727	0.018792107	0.011442916	0.3276444	0.030869262	0.328686681	0
1	14	95790417	96019300	0.481162865	3.003531234	565	4.394777277	2.828957503	24	2.565316931	1.241423601	84	1.632180201	0.826382171	9	0.806417825	1.531936683	21	1.344310835	5.511748945	48	3.801055152	3.370443836	309	3.380137697	59.65021971	61.48268127	1.358937004	75.13933472	76.00158691	0.612845322	-0.122476558	7.600200081	0.346718111	0.12688142	0.093584932	0.294137179	0.204178554	0.292708502	0
1	14	99743946	100066897	0.486389576	13.46175716	1700	18.85043933	2.428546764	27	2.204170558	1.376948255	92	1.583274307	0.716717516	7	0.718149007	1.939824466	23	1.641428006	7.320401921	66	6.839191696	3.40917955	261	3.156167018	70.23887764	78.3804245	4.746232003	51.14250275	58.41917801	3.92542941	-0.02804917	8.418699932	0.452760814	0.134438351	0.323659007	0.602097532	0.272861827	0.681251955	0
1	15	31110505	31330839	0.414724918	11.30027472	294	13.06057959	2.347581276	29	2.117801623	1.297079926	83	1.651160088	1.019040286	17	0.886909235	1.084119045	16	0.922936813	10.78614947	64	7.075475776	2.738284396	86	2.548785824	48.80609145	50.29047394	1.198335699	73.34889148	77.49060059	1.994658561	0.172569282	7.869900084	0.433734605	0.352219812	0.005260196	0.543724527	0.172174971	0.540710921	0
1	15	31363407	31617279	0.471639251	0.335270819	9	0.356636636	1.701920867	18	1.515528585	0.812459173	10	0.789675372	0.912577174	9	0.834552957	2.577221493	28	2.01532201	2.224819429	19	1.719415305	2.700801713	96	2.139116278	50.87394491	53.03887939	1.204841738	79.09575662	79.6750412	0.372613718	-0.058134307	5.63199994	0.257036559	0	0.314796433	0.353544306	0.272078055	0.3533316	0
1	15	32060172	32271079	0.423930927	0.223419821	13	0.254543302	0.66616271	7	0.72931936	0.512135746	19	0.630083305	4.115072243	18	1.999333055	0.91548678	13	0.848379004	1.407376633	8	1.048540907	1.485280739	17	1.098318998	33.88701395	34.48548126	0.439452059	52.7412189	60.45204544	3.463578564	-0.014841752	3.338900068	0.244637086	0	0.486982414	0	0.487930699	0.48617163	0
1	15	37406689	37670705	0.366004333	1.680965985	292	1.798993023	0.91941222	8	0.850141873	0.978480764	6	0.874375098	2.012892691	11	1.441285154	1.382879082	13	1.113877811	1.639658304	9	1.191978667	1.71080869	10	1.29817986	22.74441797	28.76355362	3.377679786	37.23468104	44.16617584	3.490370697	0.365750055	8.48910017	0.524756332	0	0	0	0	0	0
1	15	53887397	54200577	0.371987356	0.131555136	4	0.139669796	1.02270876	17	0.902738222	0.42682023	5	0.540657864	1.290067429	11	0.994906018	1.626722021	11	1.20129286	1.474944874	15	1.140467818	1.637149977	13	1.213489641	15.87668101	17.7429409	0.749982669	23.73174387	25.20654488	0.835413573	0.114826276	6.321200013	0.295030533	0	0.094926241	0.440478319	0.096094898	0.534676544	0
1	15	85822261	86177229	0.40753251	7.749571444	308	6.412903618	4.546164064	27	3.073473648	0.743455777	54	0.972769861	0.882172562	10	0.78724329	0.819414354	9	0.782522294	8.70091999	51	5.664095673	4.865694466	279	5.122864022	69.52625783	73.45301056	2.976367834	77.97533929	79.83989716	1.491250925	0.065017191	5.526300102	0.278128022	0.281873296	0.713900971	0.417722161	0.721504474	0.713303734	0
1	15	94567981	94796520	0.388559502	1.779828195	1436	2.46947236	1.96888392	27	1.822212992	0.73065934	77	0.99577898	1.1039181	10	0.887903692	1.519280433	15	1.154533817	4.167177426	133	2.77082022	2.951042945	137	2.93870949	22.45819299	23.69984436	0.967566598	35.68130701	36.56367874	0.735120872	0.009000476	4.746600056	0.261372824	0	0.095187255	0	0.096062379	0.094631551	0
1	16	313247	555590	0.555258456	24.04680578	1524	35.47476753	2.321322003	32	2.068791806	1.828961313	80	2.166167206	0.561808822	7	0.638625452	1.972780963	43	1.775103104	4.778836055	49	3.552108644	3.169702621	132	3.106743242	79.57663101	79.92585754	0.213902802	79.54455015	80.22507477	0.281704439	0.000339544	6.909200037	0.444098849	0.106737145	0.310675365	0.824393525	0.658904941	0.865785271	0
1	16	5007959	5357306	0.48081993	13.3797891	178	13.60364862	1.322612155	20	1.139774339	0.978782997	59	1.14515262	1.923143254	14	1.589872465	1.604555422	44	1.538361623	2.531983839	27	1.989791966	2.641611106	184	2.405640677	67.2264966	77.00878143	6.62209991	62.43306426	71.18463898	4.90737511	0.049984596	7.140099955	0.341029468	0.020392332	0.121157474	0.31744655	0.13569889	0.432183474	0
1	16	15796613	16096714	0.471854476	10.81872698	485	11.94214983	2.249599191	28	1.949109065	1.003955962	75	1.24340283	0.953323432	16	0.875709383	1.624166356	51	1.420378904	6.053663277	50	5.011415481	3.29702961	193	3.098938987	73.4156072	74.14282227	0.518719096	74.94231754	76.5389328	1.074921014	0.041388636	7.549199954	0.366365426	0.103151939	0.063298689	0.766438632	0.205150933	0.756132102	0
1	16	16102084	16308131	0.492902105	21.11611496	932	29.38538894	1.732554827	20	1.487980805	0.440667453	6	0.566050567	0.728467974	11	0.733817095	1.255518472	16	1.218152429	10.3908161	65	7.400447449	2.62544546	158	2.399504472	71.81117532	72.10958099	0.139826814	71.68165967	74.93528748	1.458369416	0.00528718	6.963100201	0.427224032	0.325847986	0	0.957043781	0.032167418	0.95598577	0
1	16	17573419	18025142	0.419876783	0.431742529	22	0.438279349	1.15743258	10	1.068972711	0.453166263	7	0.5769249	2.889111063	15	1.503453558	1.276022834	19	1.022600068	2.342889021	17	1.590322493	2.260604217	99	1.964140687	27.12568853	37.39068985	3.778935992	51.02802353	61.25404358	4.665395763	0.035713591	4.677299976	0.302823733	0	0	0	0	0	0
1	16	50688165	50888604	0.441830183	7.744689308	411	12.67492172	2.30553521	25	2.032534942	0.717668069	56	0.977816923	1.090754244	18	1.031935383	1.534017336	20	1.367015691	7.709161753	56	6.263385516	4.474817796	239	4.717643567	53.5513019	57.30222702	2.441107788	74.55736143	76.95650482	1.181488019	0.134708208	8.362300062	0.461393497	0.078931745	0.075304706	0.475117118	0.465308648	0.553095954	0
1	17	34920539	35265627	0.494841895	15.73957049	1090	19.05267401	1.865898488	21	1.586886975	1.294109086	80	1.383235396	0.686169743	10	0.717539203	3.698186075	58	2.936910107	4.459358932	60	4.291594845	2.265931124	81	1.792270722	66.67574635	70.16374969	1.899801137	68.04660463	71.64016724	1.133386494	0.302872061	8.476200247	0.607391699	0.077945336	0.009829377	0.116222529	0.088806333	0.113498586	0
1	17	35117732	35481805	0.462508892	12.97559182	744	16.54351027	1.980207466	21	1.677260595	0.910850323	68	0.987839521	0.758691619	10	0.748520804	3.555695568	80	4.059169304	8.195305473	62	7.894305583	2.223612806	150	1.901573146	69.24629656	70.20318604	0.650283887	69.26175347	73.49303436	2.19458336	0.38504127	8.445100164	0.648347423	0.212111307	0.004565019	0.412804575	0.238202229	0.410527559	0
1	17	35766646	35970992	0.425122097	14.73220273	2600	22.24180963	2.903054145	26	2.379231569	1.387739341	79	1.983658166	0.806622867	13	0.755496969	0.72696358	10	0.744884628	13.82600384	57	7.300065565	5.211609939	174	5.594479422	62.17012578	63.8506546	0.600482171	76.6760866	78.30260468	1.340878995	0.276473898	7.652400064	0.467812635	0.419034383	0.133557789	0.766313018	0.468112907	0.892212228	0
1	17	39054216	39275194	0.404139779	14.98728222	1961	21.75255888	2.625222013	21	2.248360876	0.564115754	10	0.689422425	1.226371306	15	1.036560654	1.002841443	13	0.877793728	6.295459543	32	3.557945407	5.637919994	285	6.92077516	66.27833196	68.91815948	1.291386325	58.33546194	64.75698853	3.148616433	0.125934533	5.880499959	0.328774626	0.061562689	0.01972142	0.160359855	0.264483342	0.138380291	0
1	17	41438739	41655202	0.473286428	9.827114007	423	14.93049732	3.850454446	53	3.089181852	2.381646542	86	3.030198842	0.940728075	17	0.831778676	1.098092565	44	0.996220134	7.921364514	72	7.167392385	7.637915876	333	8.634733578	68.35857367	69.32662964	0.820799538	73.81886618	74.82880402	0.532316197	0.178224931	7.782800055	0.424668238	0.102049773	0.223973612	0.324055381	0.498057405	0.506479167	0
1	17	72237894	72448063	0.52937398	2.238367922	191	3.344366669	1.598593542	18	1.452798847	0.703787919	22	0.809585794	0.781621147	10	0.821323023	4.808979309	61	3.714579202	1.518898591	18	1.38439711	3.098357523	113	2.835408126	70.48157418	71.9778595	1.220498448	69.24930585	70.17403412	0.666763885	0.044484776	7.590799809	0.45232872	0.037346136	0.113494378	0.526899781	0.251254942	0.5819412	0
1	18	340957	547583	0.432452837	0.090852576	4	0.098265108	0.851593527	8	0.817429401	0.4379902	5	0.558108546	2.621795967	12	1.580527835	1.528162291	45	1.325689337	1.434647711	10	1.114086567	1.53419076	8	1.101742511	54.90210703	57.45425034	0.969561429	49.13429535	54.28295135	1.638740379	0.137021272	6.350200081	0.349675468	0	0.00100665	0.772201949	0.035402128	0.772168072	0
1	18	38786528	39335240	0.371243931	0.106386858	2	0.109828321	1.279203592	21	1.138484581	0.447528516	12	0.572113279	1.068144773	17	0.860947279	1.59273167	12	1.289528218	3.822971475	24	2.743904318	1.86061378	84	1.453418858	13.97830024	16.69150925	1.313544336	22.10158942	36.41235352	4.746433448	0.169338162	6.056799936	0.422433483	0	0	0	0	0	0
1	18	43576596	43788953	0.43877527	37.25696753	4158	52.05085905	3.051077811	25	2.362654231	1.678742811	99	2.515380132	0.787597308	8	0.761304008	0.839055589	8	0.813390342	9.604379517	61	6.942843845	4.21664118	107	4.365697789	65.4225458	72.13417816	5.004153792	72.67313041	74.22463226	1.118564116	0.124619133	7.277999952	0.311295897	0.001629332	0.220110474	0.533168203	0.112037748	0.72616396	0
1	18	61669363	61952589	0.384636298	19.53053103	17	19.4093602	0.910355212	11	0.826178495	0.526391953	5	0.60260129	2.302724149	12	1.58953822	1.134857348	12	0.957352155	1.588990249	11	1.111233917	1.605358864	8	1.183648834	15.54523569	20.58310127	1.656972897	47.21350465	55.18617249	4.598326537	0.058135644	5.354099989	0.31670162	0	0	0	0	0	0
1	19	27839079	28640114	0.400616702	6.008043989	1076	6.385792087	1.158553465	21	1.02274721	1.019177556	83	1.061583832	4.778358022	57	2.762030178	1.156465051	17	0.981881161	5.645239382	60	4.532487865	5.355777152	91	4.728275702	22.09417379	30.00216103	2.181329415	24.70116561	29.11644936	2.475957043	0.06734419	7.120199955	0.144980686	0	0	0	0	0	0
1	19	28682514	28891125	0.430058818	0.104493088	2	0.112380096	0.961674771	14	0.897235031	0.379209365	4	0.488243191	3.814500326	14	1.766167182	1.03702706	8	0.865888758	1.735984776	14	1.24493739	1.584680977	15	1.186998404	18.97919286	19.47301674	0.415681967	25.62217987	25.96483994	0.257778248	0.029520503	5.123800159	0.262989701	0	0	0	0	0	0
1	19	56354761	56587366	0.444061822	0.387489956	5	0.417492317	0.770130499	10	0.760277085	0.455450714	5	0.577229278	3.941233205	17	1.904501678	1.021076036	9	0.825045854	1.509188775	10	1.104400345	1.545865785	10	1.134701218	58.34304892	62.02812576	1.287863093	61.71740944	63.36059189	0.667548932	-0.084416943	2.72560001	0.242312227	0.007158058	0.061559296	0.737460502	0.063837837	0.769961953	0
1	20	1607064	1841726	0.441388039	0.629831561	16	0.71446311	2.805452364	26	2.349005187	0.62310303	56	0.787846084	1.079365798	11	0.918029977	1.331205549	13	1.109953375	4.879101204	34	3.057103414	4.066323545	247	4.273558867	49.91314075	53.41112137	0.929185996	56.32909445	57.77078247	0.699020102	-0.028172882	3.775800037	0.267303611	0.004568273	0.027938056	0.117151477	0.047165711	0.119341862	0
1	20	25085246	25344647	0.476644269	152.5130987	11283	237.8016971	3.313214464	29	2.83929974	1.7589075	88	2.305936018	0.90499133	12	0.833535978	2.002602869	36	1.571648576	7.523066109	57	5.928389656	3.982664428	316	4.182856074	76.52512915	77.54759979	0.762867061	71.40359537	73.07996368	1.635566758	0.014147841	7.993200064	0.360630339	0.042154811	0.136036484	0.5686177	0.535325616	0.564993967	0
1	20	25102088	25348338	0.479472081	152.2824409	11283	242.1724603	3.421157307	29	2.891670627	1.830149289	88	2.398685223	0.911625145	12	0.833931352	1.712521821	36	1.484562727	7.898380186	57	6.036125837	4.071932271	316	4.290278934	76.64448722	77.54759979	0.664913845	71.69913107	73.07996368	1.385614916	0.012089851	7.092000031	0.369924976	0.044406091	0.158290355	0.613973604	0.578903553	0.610156345	0
1	20	46789256	46995815	0.47299803	0.154511723	14	0.168547168	1.629323168	18	1.436441753	0.44512265	5	0.563906587	1.08763963	10	0.924149602	2.887063457	28	2.156854451	2.36242708	16	1.707402653	2.427822935	86	1.999882775	59.81670941	60.37682343	0.404037085	61.23502322	64.93400574	2.141950054	-0.088845276	3.80449996	0.301338631	0	0	0	0	0	0
1	20	48226923	48473643	0.448293612	14.49636349	1165	17.78027025	3.366015897	32	2.7706061	1.290031481	66	1.490302456	0.759309916	7	0.754429433	1.091856525	11	0.948420079	7.515007571	54	6.020084922	3.772943193	156	3.704997048	69.60437098	71.30701447	0.808771054	78.24451968	79.42829895	0.562303687	0.07266274	7.645799753	0.319769713	0.013647049	0.001613165	0.49271644	0.06224465	0.491545071	0
1	21	15467902	15711993	0.366105264	2.900799458	56	2.883671817	0.963827323	11	0.883357359	0.557430605	42	0.70326339	1.741899729	13	1.409724309	1.449972181	32	1.19677892	2.188970797	52	1.803856948	1.623519739	24	1.272864593	51.77502609	54.1931572	0.901455845	45.54051891	52.46261215	2.932015736	0.078532826	5.420399889	0.265768388	0.005157912	0.000143389	0.462778226	0.092350804	0.460139866	0
1	22	23440148	23657220	0.534403332	12.66960839	906	16.69683803	3.577254174	36	3.236641156	1.375047642	40	1.560376433	0.623873103	10	0.693272255	1.803877014	17	1.71406377	6.105950508	40	4.844466613	3.669867397	214	3.632930857	64.16859327	67.10176849	1.004000825	77.98869527	80.01911163	1.620208794	-0.005944167	7.881700277	0.418484078	0.221760522	0.024839685	1.005201039	0.469586128	1.017574814	0
1	22	49508626	49909251	0.492605304	0.091957789	5	0.100015601	0.560971684	6	0.659420999	0.376018036	5	0.49070588	4.797957077	24	1.96243359	1.656688855	14	1.435690304	1.023497572	14	0.881932783	1.421787418	6	0.976837827	52.54009659	62.01042938	3.824271528	47.53809241	59.38710785	5.409362625	-0.188737828	5.250499964	0.31904159	0	0	0	0	0	0
1	X	13949683	14156025	0.403708406	3.544334958	266	4.343883819	1.712635547	18	1.549627336	0.711981859	41	0.945384162	0.979469638	8	0.77681018	2.351822966	43	1.769845064	4.064983819	54	3.466080299	2.842658725	102	2.631400012	33.84996919	39.86245346	3.325719997	47.93539969	53.337883	2.886048301	0.162690495	6.762200058	0.285644699	0.003072569	0.075064698	0.094561456	0.077512092	0.133511355	0
1	X	14147644	14366811	0.379911209	15.0213318	966	16.1463382	1.060607264	9	0.868906434	0.44056327	5	0.559219661	1.283634761	12	0.976202661	2.097150698	22	1.379468754	2.306041564	16	1.599196069	1.577227739	20	1.18859151	24.3805016	27.27620316	0.753462487	38.37059132	42.88568878	2.238849196	0.22033456	5.32250011	0.276912059	0	0	0	0	0	0
1	X	17246632	17497934	0.411715784	2.986568697	79	2.693128811	1.839620157	20	1.652538707	0.784793615	29	0.955864459	1.357831195	10	1.074956792	1.868670765	15	1.340793487	4.641281036	29	3.059675165	3.368599483	119	3.424201227	47.3464196	50.06104279	1.680648226	36.77354188	38.54520798	0.645270499	0.281064168	5.675699961	0.32968281	0	0.415404573	0.414059578	0.435300953	0.411811287	0
1	X	42060699	42284712	0.387656074	0.121386587	2	0.130297796	0.997568238	11	0.907157362	0.43069196	5	0.553627651	1.216155535	9	0.954220988	2.693109653	16	1.491987655	2.632862686	12	1.644431083	1.619216616	26	1.267610572	25.99612847	27.83592224	0.980582955	30.21984074	34.51961899	1.578165875	0.23415167	2.845300007	0.262020311	0	0	0	0	0	0
1	X	111667087	111936181	0.391915093	0.098678787	3	0.102271837	0.678468395	8	0.738019845	0.389184682	5	0.496723114	2.550841144	11	1.424967003	1.955171042	26	1.279626952	1.721463497	11	1.192943322	1.341917389	9	1.00387048	15.01426103	15.8298912	0.233837646	39.01906273	42.31693649	2.036845011	0.14736414	6.560099947	0.246215441	0.008755305	0.033397252	0.152006362	0.01246033	0.179219901	0
1	X	114059856	114424105	0.365955706	3.223363222	557	3.575951707	1.258303977	17	1.162613294	0.445844688	7	0.552742788	1.249032872	16	1.039381108	2.300458177	23	1.469564438	3.03790581	32	2.067425134	2.279012546	112	2.040508617	15.80255669	19.8982296	1.677806078	22.94201877	29.83139992	3.188270989	0.233267228	7.915799892	0.288398441	0.014674028	0.004793424	0.471490656	0.028178526	0.473014339	0